CREATE TABLE `employee` (
    `id` INT NOT NULL,
    `name` VARCHAR(255) NOT NULL,
    `phone_number` VARCHAR(15) NOT NULL,
    `email_id` VARCHAR(255) NOT NULL,
    `office_number` VARCHAR(10) NOT NULL,
    `floor_number` INT NOT NULL,
    PRIMARY KEY (`id`)
);

CREATE TABLE `meeting_room` (
    `id` INT NOT NULL,
    `floor_number` INT NOT NULL,
    PRIMARY KEY (`id`)
);

CREATE TABLE `employee_meeting` (
    `employee_id` INT NOT NULL,
    `meeting_id` INT NOT NULL,
    FOREIGN KEY (`employee_id`) REFERENCES `employee`(`id`),
    FOREIGN KEY (`meeting_id`) REFERENCES `meeting`(`id`),
    PRIMARY KEY (`employee_id`, `meeting_id`)
);

CREATE TABLE `notification` (
    `id` INT NOT NULL PRIMARY KEY,
    `employee_id` INT,
    `test_id` INT,
    `sent_at` DATETIME NOT NULL,
    `type` VARCHAR(255) NOT NULL,

    FOREIGN KEY (`employee_id`) REFERENCES `employee`(`id`),
    FOREIGN KEY (`test_id`) REFERENCES `test`(`id`)
);

CREATE TABLE `symptom` (
    `id` INT NOT NULL PRIMARY KEY,
    `employee_id` INT,
    `reported_at` DATETIME NOT NULL,
    `symptom_id` INT,

    FOREIGN KEY (`employee_id`) REFERENCES `employee`(`id`)
);

CREATE TABLE `test` (
    `id` INT NOT NULL PRIMARY KEY,
    `location` VARCHAR(255) NOT NULL,
    `tested_at` DATETIME NOT NULL,
    `employee_id` INT,
    `result` ENUM('NEGATIVE', 'POSITIVE'),

    FOREIGN KEY (`employee_id`) REFERENCES `employee`(`id`)
);

CREATE TABLE `employee_case` (
    `id` INT NOT NULL PRIMARY KEY,
    `employee_id` INT NOT NULL,
    `date` DATETIME NOT NULL,
    `resolution` enum('SICK', 'LEFT_WORK', 'BACK_TO_WORK', 'DECEASED') NOT NULL,

    FOREIGN KEY (`employee_id`) REFERENCES `employee` (`id`)
);

CREATE TABLE `health_status` (
    `id` INT NOT NULL PRIMARY KEY,
    `case_id` INT NOT NULL,
    `employee_id` INT NOT NULL,
    `date` DATETIME NOT NULL,
    `status` VARCHAR(255) NOT NULL,

    FOREIGN KEY (`case_id`) REFERENCES `employee_case`(`id`),
    FOREIGN KEY (`employee_id`) REFERENCES `employee`(`id`)
);

INSERT INTO `employee` (`id`, `name`, `phone_number`, `email_id`, `office_number`, `floor_number`) VALUES ('0', 'tanya kumar', '(321) 668-7717', 'tanya.kumar364@company.com', '6', '10');
INSERT INTO `employee` (`id`, `name`, `phone_number`, `email_id`, `office_number`, `floor_number`) VALUES ('1', 'kriti jha', '(204) 953-3332', 'kriti.jha175@company.com', '1', '9');
INSERT INTO `employee` (`id`, `name`, `phone_number`, `email_id`, `office_number`, `floor_number`) VALUES ('2', 'vaibhav bharat', '(742) 187-2334', 'vaibhav.bharat167@company.com', '4', '4');
INSERT INTO `employee` (`id`, `name`, `phone_number`, `email_id`, `office_number`, `floor_number`) VALUES ('3', 'kartik samtani', '(672) 893-6851', 'kartik.samtani170@company.com', '1', '3');
INSERT INTO `employee` (`id`, `name`, `phone_number`, `email_id`, `office_number`, `floor_number`) VALUES ('4', 'ritesh agarwal', '(704) 135-1924', 'ritesh.agarwal661@company.com', '4', '5');
INSERT INTO `employee` (`id`, `name`, `phone_number`, `email_id`, `office_number`, `floor_number`) VALUES ('5', 'sarthak agarwal', '(299) 295-2350', 'sarthak.agarwal283@company.com', '8', '4');
INSERT INTO `employee` (`id`, `name`, `phone_number`, `email_id`, `office_number`, `floor_number`) VALUES ('6', 'kriti saini', '(530) 746-6744', 'kriti.saini432@company.com', '4', '5');
INSERT INTO `employee` (`id`, `name`, `phone_number`, `email_id`, `office_number`, `floor_number`) VALUES ('7', 'vedant agarwal', '(434) 434-3475', 'vedant.agarwal901@company.com', '8', '8');
INSERT INTO `employee` (`id`, `name`, `phone_number`, `email_id`, `office_number`, `floor_number`) VALUES ('8', 'ritesh reddy', '(675) 752-9505', 'ritesh.reddy495@company.com', '2', '8');
INSERT INTO `employee` (`id`, `name`, `phone_number`, `email_id`, `office_number`, `floor_number`) VALUES ('9', 'vaibhav reddy', '(712) 178-3310', 'vaibhav.reddy188@company.com', '9', '2');
INSERT INTO `employee` (`id`, `name`, `phone_number`, `email_id`, `office_number`, `floor_number`) VALUES ('10', 'vedant kumar', '(534) 805-9932', 'vedant.kumar426@company.com', '3', '9');
INSERT INTO `employee` (`id`, `name`, `phone_number`, `email_id`, `office_number`, `floor_number`) VALUES ('11', 'kriti jha', '(125) 650-4895', 'kriti.jha152@company.com', '8', '4');
INSERT INTO `employee` (`id`, `name`, `phone_number`, `email_id`, `office_number`, `floor_number`) VALUES ('12', 'kriti jain', '(749) 937-6158', 'kriti.jain339@company.com', '3', '3');
INSERT INTO `employee` (`id`, `name`, `phone_number`, `email_id`, `office_number`, `floor_number`) VALUES ('13', 'tanya samtani', '(325) 507-3026', 'tanya.samtani840@company.com', '8', '7');
INSERT INTO `employee` (`id`, `name`, `phone_number`, `email_id`, `office_number`, `floor_number`) VALUES ('14', 'kartik agarwal', '(250) 810-8202', 'kartik.agarwal940@company.com', '8', '9');
INSERT INTO `employee` (`id`, `name`, `phone_number`, `email_id`, `office_number`, `floor_number`) VALUES ('15', 'subham jha', '(565) 305-4582', 'subham.jha255@company.com', '6', '3');
INSERT INTO `employee` (`id`, `name`, `phone_number`, `email_id`, `office_number`, `floor_number`) VALUES ('16', 'kartik agarwal', '(258) 250-7335', 'kartik.agarwal343@company.com', '6', '2');
INSERT INTO `employee` (`id`, `name`, `phone_number`, `email_id`, `office_number`, `floor_number`) VALUES ('17', 'vaibhav samtani', '(460) 850-3146', 'vaibhav.samtani386@company.com', '9', '8');
INSERT INTO `employee` (`id`, `name`, `phone_number`, `email_id`, `office_number`, `floor_number`) VALUES ('18', 'vedant kumar', '(154) 601-7508', 'vedant.kumar319@company.com', '6', '4');
INSERT INTO `employee` (`id`, `name`, `phone_number`, `email_id`, `office_number`, `floor_number`) VALUES ('19', 'vedant kumar', '(794) 279-3078', 'vedant.kumar209@company.com', '8', '10');
INSERT INTO `employee` (`id`, `name`, `phone_number`, `email_id`, `office_number`, `floor_number`) VALUES ('20', 'rohan jain', '(117) 273-3863', 'rohan.jain464@company.com', '5', '6');
INSERT INTO `employee` (`id`, `name`, `phone_number`, `email_id`, `office_number`, `floor_number`) VALUES ('21', 'sarthak singal', '(734) 661-6086', 'sarthak.singal279@company.com', '1', '9');
INSERT INTO `employee` (`id`, `name`, `phone_number`, `email_id`, `office_number`, `floor_number`) VALUES ('22', 'sweta kalia', '(532) 564-1901', 'sweta.kalia174@company.com', '10', '8');
INSERT INTO `employee` (`id`, `name`, `phone_number`, `email_id`, `office_number`, `floor_number`) VALUES ('23', 'sweta jha', '(130) 398-7747', 'sweta.jha603@company.com', '10', '3');
INSERT INTO `employee` (`id`, `name`, `phone_number`, `email_id`, `office_number`, `floor_number`) VALUES ('24', 'sarthak agarwal', '(846) 638-2786', 'sarthak.agarwal379@company.com', '2', '3');

INSERT INTO `meeting_room` (`id`, `floor_number`) VALUES ('0', '4');
INSERT INTO `meeting_room` (`id`, `floor_number`) VALUES ('1', '6');
INSERT INTO `meeting_room` (`id`, `floor_number`) VALUES ('2', '10');
INSERT INTO `meeting_room` (`id`, `floor_number`) VALUES ('3', '5');
INSERT INTO `meeting_room` (`id`, `floor_number`) VALUES ('4', '3');
INSERT INTO `meeting_room` (`id`, `floor_number`) VALUES ('5', '9');
INSERT INTO `meeting_room` (`id`, `floor_number`) VALUES ('6', '8');
INSERT INTO `meeting_room` (`id`, `floor_number`) VALUES ('7', '3');
INSERT INTO `meeting_room` (`id`, `floor_number`) VALUES ('8', '4');
INSERT INTO `meeting_room` (`id`, `floor_number`) VALUES ('9', '2');

INSERT INTO `meeting` (`id`, `meeting_room_id`, `start_time`, `end_time`, `start_hour`, `end_hour`) VALUES ('0', '9', '2023-09-01 15:00:00', '2023-09-01 16:00:00', '15', '16');
INSERT INTO `meeting` (`id`, `meeting_room_id`, `start_time`, `end_time`, `start_hour`, `end_hour`) VALUES ('1', '3', '2023-09-01 09:00:00', '2023-09-01 10:00:00', '9', '10');
INSERT INTO `meeting` (`id`, `meeting_room_id`, `start_time`, `end_time`, `start_hour`, `end_hour`) VALUES ('2', '6', '2023-09-01 12:00:00', '2023-09-01 13:00:00', '12', '13');
INSERT INTO `meeting` (`id`, `meeting_room_id`, `start_time`, `end_time`, `start_hour`, `end_hour`) VALUES ('3', '9', '2023-09-01 16:00:00', '2023-09-01 17:00:00', '16', '17');
INSERT INTO `meeting` (`id`, `meeting_room_id`, `start_time`, `end_time`, `start_hour`, `end_hour`) VALUES ('4', '2', '2023-09-01 11:00:00', '2023-09-01 12:00:00', '11', '12');
INSERT INTO `meeting` (`id`, `meeting_room_id`, `start_time`, `end_time`, `start_hour`, `end_hour`) VALUES ('5', '9', '2023-09-02 08:00:00', '2023-09-02 09:00:00', '8', '9');
INSERT INTO `meeting` (`id`, `meeting_room_id`, `start_time`, `end_time`, `start_hour`, `end_hour`) VALUES ('6', '9', '2023-09-02 15:00:00', '2023-09-02 16:00:00', '15', '16');
INSERT INTO `meeting` (`id`, `meeting_room_id`, `start_time`, `end_time`, `start_hour`, `end_hour`) VALUES ('7', '9', '2023-09-02 13:00:00', '2023-09-02 14:00:00', '13', '14');
INSERT INTO `meeting` (`id`, `meeting_room_id`, `start_time`, `end_time`, `start_hour`, `end_hour`) VALUES ('8', '7', '2023-09-02 13:00:00', '2023-09-02 14:00:00', '13', '14');
INSERT INTO `meeting` (`id`, `meeting_room_id`, `start_time`, `end_time`, `start_hour`, `end_hour`) VALUES ('9', '4', '2023-09-02 14:00:00', '2023-09-02 15:00:00', '14', '15');
INSERT INTO `meeting` (`id`, `meeting_room_id`, `start_time`, `end_time`, `start_hour`, `end_hour`) VALUES ('10', '5', '2023-09-03 12:00:00', '2023-09-03 13:00:00', '12', '13');
INSERT INTO `meeting` (`id`, `meeting_room_id`, `start_time`, `end_time`, `start_hour`, `end_hour`) VALUES ('11', '0', '2023-09-03 09:00:00', '2023-09-03 10:00:00', '9', '10');
INSERT INTO `meeting` (`id`, `meeting_room_id`, `start_time`, `end_time`, `start_hour`, `end_hour`) VALUES ('12', '4', '2023-09-03 13:00:00', '2023-09-03 14:00:00', '13', '14');
INSERT INTO `meeting` (`id`, `meeting_room_id`, `start_time`, `end_time`, `start_hour`, `end_hour`) VALUES ('13', '0', '2023-09-03 11:00:00', '2023-09-03 12:00:00', '11', '12');
INSERT INTO `meeting` (`id`, `meeting_room_id`, `start_time`, `end_time`, `start_hour`, `end_hour`) VALUES ('14', '4', '2023-09-03 10:00:00', '2023-09-03 11:00:00', '10', '11');
INSERT INTO `meeting` (`id`, `meeting_room_id`, `start_time`, `end_time`, `start_hour`, `end_hour`) VALUES ('15', '8', '2023-09-04 16:00:00', '2023-09-04 17:00:00', '16', '17');
INSERT INTO `meeting` (`id`, `meeting_room_id`, `start_time`, `end_time`, `start_hour`, `end_hour`) VALUES ('16', '0', '2023-09-04 15:00:00', '2023-09-04 16:00:00', '15', '16');
INSERT INTO `meeting` (`id`, `meeting_room_id`, `start_time`, `end_time`, `start_hour`, `end_hour`) VALUES ('17', '6', '2023-09-04 15:00:00', '2023-09-04 16:00:00', '15', '16');
INSERT INTO `meeting` (`id`, `meeting_room_id`, `start_time`, `end_time`, `start_hour`, `end_hour`) VALUES ('18', '0', '2023-09-04 16:00:00', '2023-09-04 17:00:00', '16', '17');
INSERT INTO `meeting` (`id`, `meeting_room_id`, `start_time`, `end_time`, `start_hour`, `end_hour`) VALUES ('19', '2', '2023-09-04 08:00:00', '2023-09-04 09:00:00', '8', '9');
INSERT INTO `meeting` (`id`, `meeting_room_id`, `start_time`, `end_time`, `start_hour`, `end_hour`) VALUES ('20', '4', '2023-09-05 14:00:00', '2023-09-05 15:00:00', '14', '15');
INSERT INTO `meeting` (`id`, `meeting_room_id`, `start_time`, `end_time`, `start_hour`, `end_hour`) VALUES ('21', '0', '2023-09-05 12:00:00', '2023-09-05 13:00:00', '12', '13');
INSERT INTO `meeting` (`id`, `meeting_room_id`, `start_time`, `end_time`, `start_hour`, `end_hour`) VALUES ('22', '7', '2023-09-05 13:00:00', '2023-09-05 14:00:00', '13', '14');
INSERT INTO `meeting` (`id`, `meeting_room_id`, `start_time`, `end_time`, `start_hour`, `end_hour`) VALUES ('23', '9', '2023-09-05 13:00:00', '2023-09-05 14:00:00', '13', '14');
INSERT INTO `meeting` (`id`, `meeting_room_id`, `start_time`, `end_time`, `start_hour`, `end_hour`) VALUES ('24', '7', '2023-09-05 17:00:00', '2023-09-05 18:00:00', '17', '18');
INSERT INTO `meeting` (`id`, `meeting_room_id`, `start_time`, `end_time`, `start_hour`, `end_hour`) VALUES ('25', '6', '2023-09-06 10:00:00', '2023-09-06 11:00:00', '10', '11');
INSERT INTO `meeting` (`id`, `meeting_room_id`, `start_time`, `end_time`, `start_hour`, `end_hour`) VALUES ('26', '4', '2023-09-06 17:00:00', '2023-09-06 18:00:00', '17', '18');
INSERT INTO `meeting` (`id`, `meeting_room_id`, `start_time`, `end_time`, `start_hour`, `end_hour`) VALUES ('27', '6', '2023-09-06 09:00:00', '2023-09-06 10:00:00', '9', '10');
INSERT INTO `meeting` (`id`, `meeting_room_id`, `start_time`, `end_time`, `start_hour`, `end_hour`) VALUES ('28', '6', '2023-09-06 08:00:00', '2023-09-06 09:00:00', '8', '9');
INSERT INTO `meeting` (`id`, `meeting_room_id`, `start_time`, `end_time`, `start_hour`, `end_hour`) VALUES ('29', '5', '2023-09-06 08:00:00', '2023-09-06 09:00:00', '8', '9');
INSERT INTO `meeting` (`id`, `meeting_room_id`, `start_time`, `end_time`, `start_hour`, `end_hour`) VALUES ('30', '1', '2023-09-07 13:00:00', '2023-09-07 14:00:00', '13', '14');
INSERT INTO `meeting` (`id`, `meeting_room_id`, `start_time`, `end_time`, `start_hour`, `end_hour`) VALUES ('31', '5', '2023-09-07 16:00:00', '2023-09-07 17:00:00', '16', '17');
INSERT INTO `meeting` (`id`, `meeting_room_id`, `start_time`, `end_time`, `start_hour`, `end_hour`) VALUES ('32', '2', '2023-09-07 14:00:00', '2023-09-07 15:00:00', '14', '15');
INSERT INTO `meeting` (`id`, `meeting_room_id`, `start_time`, `end_time`, `start_hour`, `end_hour`) VALUES ('33', '1', '2023-09-07 14:00:00', '2023-09-07 15:00:00', '14', '15');
INSERT INTO `meeting` (`id`, `meeting_room_id`, `start_time`, `end_time`, `start_hour`, `end_hour`) VALUES ('34', '1', '2023-09-07 15:00:00', '2023-09-07 16:00:00', '15', '16');
INSERT INTO `meeting` (`id`, `meeting_room_id`, `start_time`, `end_time`, `start_hour`, `end_hour`) VALUES ('35', '8', '2023-09-08 10:00:00', '2023-09-08 11:00:00', '10', '11');
INSERT INTO `meeting` (`id`, `meeting_room_id`, `start_time`, `end_time`, `start_hour`, `end_hour`) VALUES ('36', '5', '2023-09-08 08:00:00', '2023-09-08 09:00:00', '8', '9');
INSERT INTO `meeting` (`id`, `meeting_room_id`, `start_time`, `end_time`, `start_hour`, `end_hour`) VALUES ('37', '5', '2023-09-08 12:00:00', '2023-09-08 13:00:00', '12', '13');
INSERT INTO `meeting` (`id`, `meeting_room_id`, `start_time`, `end_time`, `start_hour`, `end_hour`) VALUES ('38', '4', '2023-09-08 15:00:00', '2023-09-08 16:00:00', '15', '16');
INSERT INTO `meeting` (`id`, `meeting_room_id`, `start_time`, `end_time`, `start_hour`, `end_hour`) VALUES ('39', '5', '2023-09-08 13:00:00', '2023-09-08 14:00:00', '13', '14');
INSERT INTO `meeting` (`id`, `meeting_room_id`, `start_time`, `end_time`, `start_hour`, `end_hour`) VALUES ('40', '1', '2023-09-09 10:00:00', '2023-09-09 11:00:00', '10', '11');
INSERT INTO `meeting` (`id`, `meeting_room_id`, `start_time`, `end_time`, `start_hour`, `end_hour`) VALUES ('41', '0', '2023-09-09 10:00:00', '2023-09-09 11:00:00', '10', '11');
INSERT INTO `meeting` (`id`, `meeting_room_id`, `start_time`, `end_time`, `start_hour`, `end_hour`) VALUES ('42', '3', '2023-09-09 11:00:00', '2023-09-09 12:00:00', '11', '12');
INSERT INTO `meeting` (`id`, `meeting_room_id`, `start_time`, `end_time`, `start_hour`, `end_hour`) VALUES ('43', '0', '2023-09-09 08:00:00', '2023-09-09 09:00:00', '8', '9');
INSERT INTO `meeting` (`id`, `meeting_room_id`, `start_time`, `end_time`, `start_hour`, `end_hour`) VALUES ('44', '5', '2023-09-09 08:00:00', '2023-09-09 09:00:00', '8', '9');
INSERT INTO `meeting` (`id`, `meeting_room_id`, `start_time`, `end_time`, `start_hour`, `end_hour`) VALUES ('45', '4', '2023-09-10 17:00:00', '2023-09-10 18:00:00', '17', '18');
INSERT INTO `meeting` (`id`, `meeting_room_id`, `start_time`, `end_time`, `start_hour`, `end_hour`) VALUES ('46', '8', '2023-09-10 13:00:00', '2023-09-10 14:00:00', '13', '14');
INSERT INTO `meeting` (`id`, `meeting_room_id`, `start_time`, `end_time`, `start_hour`, `end_hour`) VALUES ('47', '1', '2023-09-10 08:00:00', '2023-09-10 09:00:00', '8', '9');
INSERT INTO `meeting` (`id`, `meeting_room_id`, `start_time`, `end_time`, `start_hour`, `end_hour`) VALUES ('48', '3', '2023-09-10 13:00:00', '2023-09-10 14:00:00', '13', '14');
INSERT INTO `meeting` (`id`, `meeting_room_id`, `start_time`, `end_time`, `start_hour`, `end_hour`) VALUES ('49', '5', '2023-09-10 15:00:00', '2023-09-10 16:00:00', '15', '16');
INSERT INTO `meeting` (`id`, `meeting_room_id`, `start_time`, `end_time`, `start_hour`, `end_hour`) VALUES ('50', '2', '2023-09-11 13:00:00', '2023-09-11 14:00:00', '13', '14');
INSERT INTO `meeting` (`id`, `meeting_room_id`, `start_time`, `end_time`, `start_hour`, `end_hour`) VALUES ('51', '7', '2023-09-11 09:00:00', '2023-09-11 10:00:00', '9', '10');
INSERT INTO `meeting` (`id`, `meeting_room_id`, `start_time`, `end_time`, `start_hour`, `end_hour`) VALUES ('52', '7', '2023-09-11 10:00:00', '2023-09-11 11:00:00', '10', '11');
INSERT INTO `meeting` (`id`, `meeting_room_id`, `start_time`, `end_time`, `start_hour`, `end_hour`) VALUES ('53', '5', '2023-09-11 08:00:00', '2023-09-11 09:00:00', '8', '9');
INSERT INTO `meeting` (`id`, `meeting_room_id`, `start_time`, `end_time`, `start_hour`, `end_hour`) VALUES ('54', '7', '2023-09-11 08:00:00', '2023-09-11 09:00:00', '8', '9');
INSERT INTO `meeting` (`id`, `meeting_room_id`, `start_time`, `end_time`, `start_hour`, `end_hour`) VALUES ('55', '6', '2023-09-12 15:00:00', '2023-09-12 16:00:00', '15', '16');
INSERT INTO `meeting` (`id`, `meeting_room_id`, `start_time`, `end_time`, `start_hour`, `end_hour`) VALUES ('56', '3', '2023-09-12 10:00:00', '2023-09-12 11:00:00', '10', '11');
INSERT INTO `meeting` (`id`, `meeting_room_id`, `start_time`, `end_time`, `start_hour`, `end_hour`) VALUES ('57', '4', '2023-09-12 08:00:00', '2023-09-12 09:00:00', '8', '9');
INSERT INTO `meeting` (`id`, `meeting_room_id`, `start_time`, `end_time`, `start_hour`, `end_hour`) VALUES ('58', '8', '2023-09-12 13:00:00', '2023-09-12 14:00:00', '13', '14');
INSERT INTO `meeting` (`id`, `meeting_room_id`, `start_time`, `end_time`, `start_hour`, `end_hour`) VALUES ('59', '8', '2023-09-12 16:00:00', '2023-09-12 17:00:00', '16', '17');
INSERT INTO `meeting` (`id`, `meeting_room_id`, `start_time`, `end_time`, `start_hour`, `end_hour`) VALUES ('60', '5', '2023-09-13 17:00:00', '2023-09-13 18:00:00', '17', '18');
INSERT INTO `meeting` (`id`, `meeting_room_id`, `start_time`, `end_time`, `start_hour`, `end_hour`) VALUES ('61', '9', '2023-09-13 13:00:00', '2023-09-13 14:00:00', '13', '14');
INSERT INTO `meeting` (`id`, `meeting_room_id`, `start_time`, `end_time`, `start_hour`, `end_hour`) VALUES ('62', '3', '2023-09-13 13:00:00', '2023-09-13 14:00:00', '13', '14');
INSERT INTO `meeting` (`id`, `meeting_room_id`, `start_time`, `end_time`, `start_hour`, `end_hour`) VALUES ('63', '4', '2023-09-13 09:00:00', '2023-09-13 10:00:00', '9', '10');
INSERT INTO `meeting` (`id`, `meeting_room_id`, `start_time`, `end_time`, `start_hour`, `end_hour`) VALUES ('64', '8', '2023-09-13 11:00:00', '2023-09-13 12:00:00', '11', '12');
INSERT INTO `meeting` (`id`, `meeting_room_id`, `start_time`, `end_time`, `start_hour`, `end_hour`) VALUES ('65', '0', '2023-09-14 13:00:00', '2023-09-14 14:00:00', '13', '14');
INSERT INTO `meeting` (`id`, `meeting_room_id`, `start_time`, `end_time`, `start_hour`, `end_hour`) VALUES ('66', '4', '2023-09-14 16:00:00', '2023-09-14 17:00:00', '16', '17');
INSERT INTO `meeting` (`id`, `meeting_room_id`, `start_time`, `end_time`, `start_hour`, `end_hour`) VALUES ('67', '7', '2023-09-14 13:00:00', '2023-09-14 14:00:00', '13', '14');
INSERT INTO `meeting` (`id`, `meeting_room_id`, `start_time`, `end_time`, `start_hour`, `end_hour`) VALUES ('68', '9', '2023-09-14 11:00:00', '2023-09-14 12:00:00', '11', '12');
INSERT INTO `meeting` (`id`, `meeting_room_id`, `start_time`, `end_time`, `start_hour`, `end_hour`) VALUES ('69', '8', '2023-09-14 10:00:00', '2023-09-14 11:00:00', '10', '11');
INSERT INTO `meeting` (`id`, `meeting_room_id`, `start_time`, `end_time`, `start_hour`, `end_hour`) VALUES ('70', '4', '2023-09-15 16:00:00', '2023-09-15 17:00:00', '16', '17');
INSERT INTO `meeting` (`id`, `meeting_room_id`, `start_time`, `end_time`, `start_hour`, `end_hour`) VALUES ('71', '6', '2023-09-15 12:00:00', '2023-09-15 13:00:00', '12', '13');
INSERT INTO `meeting` (`id`, `meeting_room_id`, `start_time`, `end_time`, `start_hour`, `end_hour`) VALUES ('72', '3', '2023-09-15 14:00:00', '2023-09-15 15:00:00', '14', '15');
INSERT INTO `meeting` (`id`, `meeting_room_id`, `start_time`, `end_time`, `start_hour`, `end_hour`) VALUES ('73', '7', '2023-09-15 15:00:00', '2023-09-15 16:00:00', '15', '16');
INSERT INTO `meeting` (`id`, `meeting_room_id`, `start_time`, `end_time`, `start_hour`, `end_hour`) VALUES ('74', '9', '2023-09-15 16:00:00', '2023-09-15 17:00:00', '16', '17');

INSERT INTO `employee_meeting` (`employee_id`, `meeting_id`) VALUES ('0', '0');
INSERT INTO `employee_meeting` (`employee_id`, `meeting_id`) VALUES ('19', '0');
INSERT INTO `employee_meeting` (`employee_id`, `meeting_id`) VALUES ('1', '0');
INSERT INTO `employee_meeting` (`employee_id`, `meeting_id`) VALUES ('13', '1');
INSERT INTO `employee_meeting` (`employee_id`, `meeting_id`) VALUES ('14', '1');
INSERT INTO `employee_meeting` (`employee_id`, `meeting_id`) VALUES ('22', '1');
INSERT INTO `employee_meeting` (`employee_id`, `meeting_id`) VALUES ('15', '2');
INSERT INTO `employee_meeting` (`employee_id`, `meeting_id`) VALUES ('17', '2');
INSERT INTO `employee_meeting` (`employee_id`, `meeting_id`) VALUES ('18', '2');
INSERT INTO `employee_meeting` (`employee_id`, `meeting_id`) VALUES ('8', '3');
INSERT INTO `employee_meeting` (`employee_id`, `meeting_id`) VALUES ('16', '3');
INSERT INTO `employee_meeting` (`employee_id`, `meeting_id`) VALUES ('11', '3');
INSERT INTO `employee_meeting` (`employee_id`, `meeting_id`) VALUES ('19', '4');
INSERT INTO `employee_meeting` (`employee_id`, `meeting_id`) VALUES ('13', '4');
INSERT INTO `employee_meeting` (`employee_id`, `meeting_id`) VALUES ('16', '4');
INSERT INTO `employee_meeting` (`employee_id`, `meeting_id`) VALUES ('17', '5');
INSERT INTO `employee_meeting` (`employee_id`, `meeting_id`) VALUES ('12', '5');
INSERT INTO `employee_meeting` (`employee_id`, `meeting_id`) VALUES ('3', '5');
INSERT INTO `employee_meeting` (`employee_id`, `meeting_id`) VALUES ('2', '6');
INSERT INTO `employee_meeting` (`employee_id`, `meeting_id`) VALUES ('7', '6');
INSERT INTO `employee_meeting` (`employee_id`, `meeting_id`) VALUES ('16', '6');
INSERT INTO `employee_meeting` (`employee_id`, `meeting_id`) VALUES ('24', '7');
INSERT INTO `employee_meeting` (`employee_id`, `meeting_id`) VALUES ('7', '7');
INSERT INTO `employee_meeting` (`employee_id`, `meeting_id`) VALUES ('10', '7');
INSERT INTO `employee_meeting` (`employee_id`, `meeting_id`) VALUES ('3', '8');
INSERT INTO `employee_meeting` (`employee_id`, `meeting_id`) VALUES ('8', '8');
INSERT INTO `employee_meeting` (`employee_id`, `meeting_id`) VALUES ('23', '8');
INSERT INTO `employee_meeting` (`employee_id`, `meeting_id`) VALUES ('20', '9');
INSERT INTO `employee_meeting` (`employee_id`, `meeting_id`) VALUES ('24', '9');
INSERT INTO `employee_meeting` (`employee_id`, `meeting_id`) VALUES ('2', '9');
INSERT INTO `employee_meeting` (`employee_id`, `meeting_id`) VALUES ('20', '10');
INSERT INTO `employee_meeting` (`employee_id`, `meeting_id`) VALUES ('12', '10');
INSERT INTO `employee_meeting` (`employee_id`, `meeting_id`) VALUES ('3', '10');
INSERT INTO `employee_meeting` (`employee_id`, `meeting_id`) VALUES ('1', '11');
INSERT INTO `employee_meeting` (`employee_id`, `meeting_id`) VALUES ('14', '11');
INSERT INTO `employee_meeting` (`employee_id`, `meeting_id`) VALUES ('18', '11');
INSERT INTO `employee_meeting` (`employee_id`, `meeting_id`) VALUES ('3', '12');
INSERT INTO `employee_meeting` (`employee_id`, `meeting_id`) VALUES ('17', '12');
INSERT INTO `employee_meeting` (`employee_id`, `meeting_id`) VALUES ('12', '12');
INSERT INTO `employee_meeting` (`employee_id`, `meeting_id`) VALUES ('13', '13');
INSERT INTO `employee_meeting` (`employee_id`, `meeting_id`) VALUES ('20', '13');
INSERT INTO `employee_meeting` (`employee_id`, `meeting_id`) VALUES ('14', '13');
INSERT INTO `employee_meeting` (`employee_id`, `meeting_id`) VALUES ('10', '14');
INSERT INTO `employee_meeting` (`employee_id`, `meeting_id`) VALUES ('8', '14');
INSERT INTO `employee_meeting` (`employee_id`, `meeting_id`) VALUES ('11', '14');
INSERT INTO `employee_meeting` (`employee_id`, `meeting_id`) VALUES ('12', '15');
INSERT INTO `employee_meeting` (`employee_id`, `meeting_id`) VALUES ('7', '15');
INSERT INTO `employee_meeting` (`employee_id`, `meeting_id`) VALUES ('8', '15');
INSERT INTO `employee_meeting` (`employee_id`, `meeting_id`) VALUES ('2', '16');
INSERT INTO `employee_meeting` (`employee_id`, `meeting_id`) VALUES ('18', '16');
INSERT INTO `employee_meeting` (`employee_id`, `meeting_id`) VALUES ('17', '16');
INSERT INTO `employee_meeting` (`employee_id`, `meeting_id`) VALUES ('1', '17');
INSERT INTO `employee_meeting` (`employee_id`, `meeting_id`) VALUES ('16', '17');
INSERT INTO `employee_meeting` (`employee_id`, `meeting_id`) VALUES ('20', '17');
INSERT INTO `employee_meeting` (`employee_id`, `meeting_id`) VALUES ('18', '18');
INSERT INTO `employee_meeting` (`employee_id`, `meeting_id`) VALUES ('10', '18');
INSERT INTO `employee_meeting` (`employee_id`, `meeting_id`) VALUES ('13', '18');
INSERT INTO `employee_meeting` (`employee_id`, `meeting_id`) VALUES ('10', '19');
INSERT INTO `employee_meeting` (`employee_id`, `meeting_id`) VALUES ('12', '19');
INSERT INTO `employee_meeting` (`employee_id`, `meeting_id`) VALUES ('16', '19');
INSERT INTO `employee_meeting` (`employee_id`, `meeting_id`) VALUES ('18', '20');
INSERT INTO `employee_meeting` (`employee_id`, `meeting_id`) VALUES ('17', '20');
INSERT INTO `employee_meeting` (`employee_id`, `meeting_id`) VALUES ('12', '20');
INSERT INTO `employee_meeting` (`employee_id`, `meeting_id`) VALUES ('18', '21');
INSERT INTO `employee_meeting` (`employee_id`, `meeting_id`) VALUES ('4', '21');
INSERT INTO `employee_meeting` (`employee_id`, `meeting_id`) VALUES ('8', '21');
INSERT INTO `employee_meeting` (`employee_id`, `meeting_id`) VALUES ('2', '22');
INSERT INTO `employee_meeting` (`employee_id`, `meeting_id`) VALUES ('1', '22');
INSERT INTO `employee_meeting` (`employee_id`, `meeting_id`) VALUES ('19', '22');
INSERT INTO `employee_meeting` (`employee_id`, `meeting_id`) VALUES ('3', '23');
INSERT INTO `employee_meeting` (`employee_id`, `meeting_id`) VALUES ('4', '23');
INSERT INTO `employee_meeting` (`employee_id`, `meeting_id`) VALUES ('10', '23');
INSERT INTO `employee_meeting` (`employee_id`, `meeting_id`) VALUES ('17', '24');
INSERT INTO `employee_meeting` (`employee_id`, `meeting_id`) VALUES ('18', '24');
INSERT INTO `employee_meeting` (`employee_id`, `meeting_id`) VALUES ('16', '24');
INSERT INTO `employee_meeting` (`employee_id`, `meeting_id`) VALUES ('1', '25');
INSERT INTO `employee_meeting` (`employee_id`, `meeting_id`) VALUES ('4', '25');
INSERT INTO `employee_meeting` (`employee_id`, `meeting_id`) VALUES ('19', '25');
INSERT INTO `employee_meeting` (`employee_id`, `meeting_id`) VALUES ('12', '26');
INSERT INTO `employee_meeting` (`employee_id`, `meeting_id`) VALUES ('3', '26');
INSERT INTO `employee_meeting` (`employee_id`, `meeting_id`) VALUES ('8', '26');
INSERT INTO `employee_meeting` (`employee_id`, `meeting_id`) VALUES ('1', '27');
INSERT INTO `employee_meeting` (`employee_id`, `meeting_id`) VALUES ('13', '27');
INSERT INTO `employee_meeting` (`employee_id`, `meeting_id`) VALUES ('19', '27');
INSERT INTO `employee_meeting` (`employee_id`, `meeting_id`) VALUES ('16', '28');
INSERT INTO `employee_meeting` (`employee_id`, `meeting_id`) VALUES ('19', '28');
INSERT INTO `employee_meeting` (`employee_id`, `meeting_id`) VALUES ('1', '28');
INSERT INTO `employee_meeting` (`employee_id`, `meeting_id`) VALUES ('3', '29');
INSERT INTO `employee_meeting` (`employee_id`, `meeting_id`) VALUES ('18', '29');
INSERT INTO `employee_meeting` (`employee_id`, `meeting_id`) VALUES ('13', '29');
INSERT INTO `employee_meeting` (`employee_id`, `meeting_id`) VALUES ('8', '30');
INSERT INTO `employee_meeting` (`employee_id`, `meeting_id`) VALUES ('22', '30');
INSERT INTO `employee_meeting` (`employee_id`, `meeting_id`) VALUES ('12', '30');
INSERT INTO `employee_meeting` (`employee_id`, `meeting_id`) VALUES ('18', '31');
INSERT INTO `employee_meeting` (`employee_id`, `meeting_id`) VALUES ('20', '31');
INSERT INTO `employee_meeting` (`employee_id`, `meeting_id`) VALUES ('8', '31');
INSERT INTO `employee_meeting` (`employee_id`, `meeting_id`) VALUES ('3', '32');
INSERT INTO `employee_meeting` (`employee_id`, `meeting_id`) VALUES ('14', '32');
INSERT INTO `employee_meeting` (`employee_id`, `meeting_id`) VALUES ('12', '32');
INSERT INTO `employee_meeting` (`employee_id`, `meeting_id`) VALUES ('19', '33');
INSERT INTO `employee_meeting` (`employee_id`, `meeting_id`) VALUES ('8', '33');
INSERT INTO `employee_meeting` (`employee_id`, `meeting_id`) VALUES ('10', '33');
INSERT INTO `employee_meeting` (`employee_id`, `meeting_id`) VALUES ('3', '34');
INSERT INTO `employee_meeting` (`employee_id`, `meeting_id`) VALUES ('16', '34');
INSERT INTO `employee_meeting` (`employee_id`, `meeting_id`) VALUES ('2', '34');
INSERT INTO `employee_meeting` (`employee_id`, `meeting_id`) VALUES ('18', '35');
INSERT INTO `employee_meeting` (`employee_id`, `meeting_id`) VALUES ('19', '35');
INSERT INTO `employee_meeting` (`employee_id`, `meeting_id`) VALUES ('3', '35');
INSERT INTO `employee_meeting` (`employee_id`, `meeting_id`) VALUES ('13', '36');
INSERT INTO `employee_meeting` (`employee_id`, `meeting_id`) VALUES ('14', '36');
INSERT INTO `employee_meeting` (`employee_id`, `meeting_id`) VALUES ('18', '36');
INSERT INTO `employee_meeting` (`employee_id`, `meeting_id`) VALUES ('19', '37');
INSERT INTO `employee_meeting` (`employee_id`, `meeting_id`) VALUES ('20', '37');
INSERT INTO `employee_meeting` (`employee_id`, `meeting_id`) VALUES ('4', '37');
INSERT INTO `employee_meeting` (`employee_id`, `meeting_id`) VALUES ('19', '38');
INSERT INTO `employee_meeting` (`employee_id`, `meeting_id`) VALUES ('3', '38');
INSERT INTO `employee_meeting` (`employee_id`, `meeting_id`) VALUES ('4', '38');
INSERT INTO `employee_meeting` (`employee_id`, `meeting_id`) VALUES ('8', '39');
INSERT INTO `employee_meeting` (`employee_id`, `meeting_id`) VALUES ('13', '39');
INSERT INTO `employee_meeting` (`employee_id`, `meeting_id`) VALUES ('4', '39');
INSERT INTO `employee_meeting` (`employee_id`, `meeting_id`) VALUES ('14', '40');
INSERT INTO `employee_meeting` (`employee_id`, `meeting_id`) VALUES ('12', '40');
INSERT INTO `employee_meeting` (`employee_id`, `meeting_id`) VALUES ('16', '40');
INSERT INTO `employee_meeting` (`employee_id`, `meeting_id`) VALUES ('1', '41');
INSERT INTO `employee_meeting` (`employee_id`, `meeting_id`) VALUES ('18', '41');
INSERT INTO `employee_meeting` (`employee_id`, `meeting_id`) VALUES ('13', '41');
INSERT INTO `employee_meeting` (`employee_id`, `meeting_id`) VALUES ('22', '42');
INSERT INTO `employee_meeting` (`employee_id`, `meeting_id`) VALUES ('20', '42');
INSERT INTO `employee_meeting` (`employee_id`, `meeting_id`) VALUES ('16', '42');
INSERT INTO `employee_meeting` (`employee_id`, `meeting_id`) VALUES ('8', '43');
INSERT INTO `employee_meeting` (`employee_id`, `meeting_id`) VALUES ('4', '43');
INSERT INTO `employee_meeting` (`employee_id`, `meeting_id`) VALUES ('16', '43');
INSERT INTO `employee_meeting` (`employee_id`, `meeting_id`) VALUES ('13', '44');
INSERT INTO `employee_meeting` (`employee_id`, `meeting_id`) VALUES ('10', '44');
INSERT INTO `employee_meeting` (`employee_id`, `meeting_id`) VALUES ('3', '44');
INSERT INTO `employee_meeting` (`employee_id`, `meeting_id`) VALUES ('12', '45');
INSERT INTO `employee_meeting` (`employee_id`, `meeting_id`) VALUES ('14', '45');
INSERT INTO `employee_meeting` (`employee_id`, `meeting_id`) VALUES ('22', '45');
INSERT INTO `employee_meeting` (`employee_id`, `meeting_id`) VALUES ('12', '46');
INSERT INTO `employee_meeting` (`employee_id`, `meeting_id`) VALUES ('4', '46');
INSERT INTO `employee_meeting` (`employee_id`, `meeting_id`) VALUES ('3', '46');
INSERT INTO `employee_meeting` (`employee_id`, `meeting_id`) VALUES ('20', '47');
INSERT INTO `employee_meeting` (`employee_id`, `meeting_id`) VALUES ('10', '47');
INSERT INTO `employee_meeting` (`employee_id`, `meeting_id`) VALUES ('16', '47');
INSERT INTO `employee_meeting` (`employee_id`, `meeting_id`) VALUES ('16', '48');
INSERT INTO `employee_meeting` (`employee_id`, `meeting_id`) VALUES ('20', '48');
INSERT INTO `employee_meeting` (`employee_id`, `meeting_id`) VALUES ('14', '48');
INSERT INTO `employee_meeting` (`employee_id`, `meeting_id`) VALUES ('14', '49');
INSERT INTO `employee_meeting` (`employee_id`, `meeting_id`) VALUES ('22', '49');
INSERT INTO `employee_meeting` (`employee_id`, `meeting_id`) VALUES ('16', '49');
INSERT INTO `employee_meeting` (`employee_id`, `meeting_id`) VALUES ('18', '50');
INSERT INTO `employee_meeting` (`employee_id`, `meeting_id`) VALUES ('13', '50');
INSERT INTO `employee_meeting` (`employee_id`, `meeting_id`) VALUES ('3', '50');
INSERT INTO `employee_meeting` (`employee_id`, `meeting_id`) VALUES ('18', '51');
INSERT INTO `employee_meeting` (`employee_id`, `meeting_id`) VALUES ('3', '51');
INSERT INTO `employee_meeting` (`employee_id`, `meeting_id`) VALUES ('13', '51');
INSERT INTO `employee_meeting` (`employee_id`, `meeting_id`) VALUES ('10', '52');
INSERT INTO `employee_meeting` (`employee_id`, `meeting_id`) VALUES ('19', '52');
INSERT INTO `employee_meeting` (`employee_id`, `meeting_id`) VALUES ('4', '52');
INSERT INTO `employee_meeting` (`employee_id`, `meeting_id`) VALUES ('19', '53');
INSERT INTO `employee_meeting` (`employee_id`, `meeting_id`) VALUES ('3', '53');
INSERT INTO `employee_meeting` (`employee_id`, `meeting_id`) VALUES ('4', '53');
INSERT INTO `employee_meeting` (`employee_id`, `meeting_id`) VALUES ('14', '54');
INSERT INTO `employee_meeting` (`employee_id`, `meeting_id`) VALUES ('18', '54');
INSERT INTO `employee_meeting` (`employee_id`, `meeting_id`) VALUES ('13', '54');
INSERT INTO `employee_meeting` (`employee_id`, `meeting_id`) VALUES ('19', '55');
INSERT INTO `employee_meeting` (`employee_id`, `meeting_id`) VALUES ('22', '55');
INSERT INTO `employee_meeting` (`employee_id`, `meeting_id`) VALUES ('13', '55');
INSERT INTO `employee_meeting` (`employee_id`, `meeting_id`) VALUES ('19', '56');
INSERT INTO `employee_meeting` (`employee_id`, `meeting_id`) VALUES ('22', '56');
INSERT INTO `employee_meeting` (`employee_id`, `meeting_id`) VALUES ('3', '56');
INSERT INTO `employee_meeting` (`employee_id`, `meeting_id`) VALUES ('22', '57');
INSERT INTO `employee_meeting` (`employee_id`, `meeting_id`) VALUES ('16', '57');
INSERT INTO `employee_meeting` (`employee_id`, `meeting_id`) VALUES ('14', '57');
INSERT INTO `employee_meeting` (`employee_id`, `meeting_id`) VALUES ('4', '58');
INSERT INTO `employee_meeting` (`employee_id`, `meeting_id`) VALUES ('19', '58');
INSERT INTO `employee_meeting` (`employee_id`, `meeting_id`) VALUES ('13', '58');
INSERT INTO `employee_meeting` (`employee_id`, `meeting_id`) VALUES ('22', '59');
INSERT INTO `employee_meeting` (`employee_id`, `meeting_id`) VALUES ('3', '59');
INSERT INTO `employee_meeting` (`employee_id`, `meeting_id`) VALUES ('10', '59');
INSERT INTO `employee_meeting` (`employee_id`, `meeting_id`) VALUES ('16', '60');
INSERT INTO `employee_meeting` (`employee_id`, `meeting_id`) VALUES ('14', '60');
INSERT INTO `employee_meeting` (`employee_id`, `meeting_id`) VALUES ('4', '60');
INSERT INTO `employee_meeting` (`employee_id`, `meeting_id`) VALUES ('13', '61');
INSERT INTO `employee_meeting` (`employee_id`, `meeting_id`) VALUES ('3', '61');
INSERT INTO `employee_meeting` (`employee_id`, `meeting_id`) VALUES ('22', '61');
INSERT INTO `employee_meeting` (`employee_id`, `meeting_id`) VALUES ('2', '62');
INSERT INTO `employee_meeting` (`employee_id`, `meeting_id`) VALUES ('19', '62');
INSERT INTO `employee_meeting` (`employee_id`, `meeting_id`) VALUES ('1', '62');
INSERT INTO `employee_meeting` (`employee_id`, `meeting_id`) VALUES ('1', '63');
INSERT INTO `employee_meeting` (`employee_id`, `meeting_id`) VALUES ('4', '63');
INSERT INTO `employee_meeting` (`employee_id`, `meeting_id`) VALUES ('20', '63');
INSERT INTO `employee_meeting` (`employee_id`, `meeting_id`) VALUES ('14', '64');
INSERT INTO `employee_meeting` (`employee_id`, `meeting_id`) VALUES ('2', '64');
INSERT INTO `employee_meeting` (`employee_id`, `meeting_id`) VALUES ('4', '64');
INSERT INTO `employee_meeting` (`employee_id`, `meeting_id`) VALUES ('2', '65');
INSERT INTO `employee_meeting` (`employee_id`, `meeting_id`) VALUES ('22', '65');
INSERT INTO `employee_meeting` (`employee_id`, `meeting_id`) VALUES ('10', '65');
INSERT INTO `employee_meeting` (`employee_id`, `meeting_id`) VALUES ('4', '66');
INSERT INTO `employee_meeting` (`employee_id`, `meeting_id`) VALUES ('20', '66');
INSERT INTO `employee_meeting` (`employee_id`, `meeting_id`) VALUES ('1', '66');
INSERT INTO `employee_meeting` (`employee_id`, `meeting_id`) VALUES ('14', '67');
INSERT INTO `employee_meeting` (`employee_id`, `meeting_id`) VALUES ('16', '67');
INSERT INTO `employee_meeting` (`employee_id`, `meeting_id`) VALUES ('19', '67');
INSERT INTO `employee_meeting` (`employee_id`, `meeting_id`) VALUES ('1', '68');
INSERT INTO `employee_meeting` (`employee_id`, `meeting_id`) VALUES ('19', '68');
INSERT INTO `employee_meeting` (`employee_id`, `meeting_id`) VALUES ('13', '68');
INSERT INTO `employee_meeting` (`employee_id`, `meeting_id`) VALUES ('10', '69');
INSERT INTO `employee_meeting` (`employee_id`, `meeting_id`) VALUES ('14', '69');
INSERT INTO `employee_meeting` (`employee_id`, `meeting_id`) VALUES ('22', '69');
INSERT INTO `employee_meeting` (`employee_id`, `meeting_id`) VALUES ('2', '70');
INSERT INTO `employee_meeting` (`employee_id`, `meeting_id`) VALUES ('20', '70');
INSERT INTO `employee_meeting` (`employee_id`, `meeting_id`) VALUES ('16', '70');
INSERT INTO `employee_meeting` (`employee_id`, `meeting_id`) VALUES ('20', '71');
INSERT INTO `employee_meeting` (`employee_id`, `meeting_id`) VALUES ('22', '71');
INSERT INTO `employee_meeting` (`employee_id`, `meeting_id`) VALUES ('13', '71');
INSERT INTO `employee_meeting` (`employee_id`, `meeting_id`) VALUES ('14', '72');
INSERT INTO `employee_meeting` (`employee_id`, `meeting_id`) VALUES ('2', '72');
INSERT INTO `employee_meeting` (`employee_id`, `meeting_id`) VALUES ('16', '72');
INSERT INTO `employee_meeting` (`employee_id`, `meeting_id`) VALUES ('3', '73');
INSERT INTO `employee_meeting` (`employee_id`, `meeting_id`) VALUES ('20', '73');
INSERT INTO `employee_meeting` (`employee_id`, `meeting_id`) VALUES ('13', '73');
INSERT INTO `employee_meeting` (`employee_id`, `meeting_id`) VALUES ('10', '74');
INSERT INTO `employee_meeting` (`employee_id`, `meeting_id`) VALUES ('1', '74');
INSERT INTO `employee_meeting` (`employee_id`, `meeting_id`) VALUES ('22', '74');

INSERT INTO `scan` (`id`, `scanned_at`, `employee_id`, `temperature`) VALUES ('0', '2023-09-01 07:40:00', '0', '98.6');
INSERT INTO `scan` (`id`, `scanned_at`, `employee_id`, `temperature`) VALUES ('1', '2023-09-01 07:23:00', '1', '99.65918570690832');
INSERT INTO `scan` (`id`, `scanned_at`, `employee_id`, `temperature`) VALUES ('2', '2023-09-01 07:52:00', '2', '98.6');
INSERT INTO `scan` (`id`, `scanned_at`, `employee_id`, `temperature`) VALUES ('3', '2023-09-01 07:25:00', '3', '98.6');
INSERT INTO `scan` (`id`, `scanned_at`, `employee_id`, `temperature`) VALUES ('4', '2023-09-01 07:37:00', '4', '98.6');
INSERT INTO `scan` (`id`, `scanned_at`, `employee_id`, `temperature`) VALUES ('5', '2023-09-01 07:51:00', '5', '101.65238056500357');
INSERT INTO `scan` (`id`, `scanned_at`, `employee_id`, `temperature`) VALUES ('6', '2023-09-01 07:42:00', '6', '100.42652005482697');
INSERT INTO `scan` (`id`, `scanned_at`, `employee_id`, `temperature`) VALUES ('7', '2023-09-01 07:44:00', '7', '98.6');
INSERT INTO `scan` (`id`, `scanned_at`, `employee_id`, `temperature`) VALUES ('8', '2023-09-01 07:27:00', '8', '99.41078369524593');
INSERT INTO `scan` (`id`, `scanned_at`, `employee_id`, `temperature`) VALUES ('9', '2023-09-01 07:10:00', '9', '100.65268842089765');
INSERT INTO `scan` (`id`, `scanned_at`, `employee_id`, `temperature`) VALUES ('10', '2023-09-01 07:21:00', '10', '101.33853864167345');
INSERT INTO `scan` (`id`, `scanned_at`, `employee_id`, `temperature`) VALUES ('11', '2023-09-01 07:21:00', '11', '102.5772459538992');
INSERT INTO `scan` (`id`, `scanned_at`, `employee_id`, `temperature`) VALUES ('12', '2023-09-01 07:38:00', '12', '98.6');
INSERT INTO `scan` (`id`, `scanned_at`, `employee_id`, `temperature`) VALUES ('13', '2023-09-01 07:32:00', '13', '98.6');
INSERT INTO `scan` (`id`, `scanned_at`, `employee_id`, `temperature`) VALUES ('14', '2023-09-01 07:53:00', '14', '98.6');
INSERT INTO `scan` (`id`, `scanned_at`, `employee_id`, `temperature`) VALUES ('15', '2023-09-01 07:12:00', '15', '98.6');
INSERT INTO `scan` (`id`, `scanned_at`, `employee_id`, `temperature`) VALUES ('16', '2023-09-01 07:23:00', '16', '98.6');
INSERT INTO `scan` (`id`, `scanned_at`, `employee_id`, `temperature`) VALUES ('17', '2023-09-01 07:15:00', '17', '98.6');
INSERT INTO `scan` (`id`, `scanned_at`, `employee_id`, `temperature`) VALUES ('18', '2023-09-01 07:20:00', '18', '98.6');
INSERT INTO `scan` (`id`, `scanned_at`, `employee_id`, `temperature`) VALUES ('19', '2023-09-01 07:38:00', '19', '98.6');
INSERT INTO `scan` (`id`, `scanned_at`, `employee_id`, `temperature`) VALUES ('20', '2023-09-01 07:25:00', '20', '98.6');
INSERT INTO `scan` (`id`, `scanned_at`, `employee_id`, `temperature`) VALUES ('21', '2023-09-01 07:20:00', '21', '98.6');
INSERT INTO `scan` (`id`, `scanned_at`, `employee_id`, `temperature`) VALUES ('22', '2023-09-01 07:21:00', '22', '98.6');
INSERT INTO `scan` (`id`, `scanned_at`, `employee_id`, `temperature`) VALUES ('23', '2023-09-01 07:38:00', '23', '98.6');
INSERT INTO `scan` (`id`, `scanned_at`, `employee_id`, `temperature`) VALUES ('24', '2023-09-01 07:09:00', '24', '98.6');
INSERT INTO `scan` (`id`, `scanned_at`, `employee_id`, `temperature`) VALUES ('25', '2023-09-02 07:21:00', '1', '98.6');
INSERT INTO `scan` (`id`, `scanned_at`, `employee_id`, `temperature`) VALUES ('26', '2023-09-02 07:27:00', '2', '98.6');
INSERT INTO `scan` (`id`, `scanned_at`, `employee_id`, `temperature`) VALUES ('27', '2023-09-02 07:26:00', '3', '98.6');
INSERT INTO `scan` (`id`, `scanned_at`, `employee_id`, `temperature`) VALUES ('28', '2023-09-02 07:10:00', '4', '98.6');
INSERT INTO `scan` (`id`, `scanned_at`, `employee_id`, `temperature`) VALUES ('29', '2023-09-02 07:29:00', '7', '98.6');
INSERT INTO `scan` (`id`, `scanned_at`, `employee_id`, `temperature`) VALUES ('30', '2023-09-02 07:32:00', '8', '98.6');
INSERT INTO `scan` (`id`, `scanned_at`, `employee_id`, `temperature`) VALUES ('31', '2023-09-02 07:33:00', '10', '100.63745588902479');
INSERT INTO `scan` (`id`, `scanned_at`, `employee_id`, `temperature`) VALUES ('32', '2023-09-02 07:29:00', '11', '98.6');
INSERT INTO `scan` (`id`, `scanned_at`, `employee_id`, `temperature`) VALUES ('33', '2023-09-02 07:17:00', '12', '98.6');
INSERT INTO `scan` (`id`, `scanned_at`, `employee_id`, `temperature`) VALUES ('34', '2023-09-02 07:00:00', '13', '101.18732329642445');
INSERT INTO `scan` (`id`, `scanned_at`, `employee_id`, `temperature`) VALUES ('35', '2023-09-02 07:01:00', '14', '102.55035933229479');
INSERT INTO `scan` (`id`, `scanned_at`, `employee_id`, `temperature`) VALUES ('36', '2023-09-02 07:39:00', '16', '98.6');
INSERT INTO `scan` (`id`, `scanned_at`, `employee_id`, `temperature`) VALUES ('37', '2023-09-02 07:37:00', '17', '98.6');
INSERT INTO `scan` (`id`, `scanned_at`, `employee_id`, `temperature`) VALUES ('38', '2023-09-02 07:45:00', '18', '98.6');
INSERT INTO `scan` (`id`, `scanned_at`, `employee_id`, `temperature`) VALUES ('39', '2023-09-02 07:57:00', '19', '98.6');
INSERT INTO `scan` (`id`, `scanned_at`, `employee_id`, `temperature`) VALUES ('40', '2023-09-02 07:36:00', '20', '98.6');
INSERT INTO `scan` (`id`, `scanned_at`, `employee_id`, `temperature`) VALUES ('41', '2023-09-02 07:03:00', '21', '98.6');
INSERT INTO `scan` (`id`, `scanned_at`, `employee_id`, `temperature`) VALUES ('42', '2023-09-02 07:39:00', '23', '100.74017702233088');
INSERT INTO `scan` (`id`, `scanned_at`, `employee_id`, `temperature`) VALUES ('43', '2023-09-02 07:43:00', '24', '98.6');
INSERT INTO `scan` (`id`, `scanned_at`, `employee_id`, `temperature`) VALUES ('44', '2023-09-03 07:01:00', '1', '98.6');
INSERT INTO `scan` (`id`, `scanned_at`, `employee_id`, `temperature`) VALUES ('45', '2023-09-03 07:27:00', '2', '99.9888494449044');
INSERT INTO `scan` (`id`, `scanned_at`, `employee_id`, `temperature`) VALUES ('46', '2023-09-03 07:23:00', '3', '98.6');
INSERT INTO `scan` (`id`, `scanned_at`, `employee_id`, `temperature`) VALUES ('47', '2023-09-03 07:29:00', '4', '98.6');
INSERT INTO `scan` (`id`, `scanned_at`, `employee_id`, `temperature`) VALUES ('48', '2023-09-03 07:49:00', '7', '98.6');
INSERT INTO `scan` (`id`, `scanned_at`, `employee_id`, `temperature`) VALUES ('49', '2023-09-03 07:50:00', '8', '98.6');
INSERT INTO `scan` (`id`, `scanned_at`, `employee_id`, `temperature`) VALUES ('50', '2023-09-03 07:52:00', '10', '98.6');
INSERT INTO `scan` (`id`, `scanned_at`, `employee_id`, `temperature`) VALUES ('51', '2023-09-03 07:36:00', '11', '98.6');
INSERT INTO `scan` (`id`, `scanned_at`, `employee_id`, `temperature`) VALUES ('52', '2023-09-03 07:23:00', '12', '98.6');
INSERT INTO `scan` (`id`, `scanned_at`, `employee_id`, `temperature`) VALUES ('53', '2023-09-03 07:39:00', '13', '100.9063757017115');
INSERT INTO `scan` (`id`, `scanned_at`, `employee_id`, `temperature`) VALUES ('54', '2023-09-03 07:29:00', '14', '98.6');
INSERT INTO `scan` (`id`, `scanned_at`, `employee_id`, `temperature`) VALUES ('55', '2023-09-03 07:16:00', '16', '99.11989343632443');
INSERT INTO `scan` (`id`, `scanned_at`, `employee_id`, `temperature`) VALUES ('56', '2023-09-03 07:32:00', '17', '98.6');
INSERT INTO `scan` (`id`, `scanned_at`, `employee_id`, `temperature`) VALUES ('57', '2023-09-03 07:23:00', '18', '98.6');
INSERT INTO `scan` (`id`, `scanned_at`, `employee_id`, `temperature`) VALUES ('58', '2023-09-03 07:50:00', '19', '98.6');
INSERT INTO `scan` (`id`, `scanned_at`, `employee_id`, `temperature`) VALUES ('59', '2023-09-03 07:42:00', '20', '98.6');
INSERT INTO `scan` (`id`, `scanned_at`, `employee_id`, `temperature`) VALUES ('60', '2023-09-03 07:00:00', '21', '98.6');
INSERT INTO `scan` (`id`, `scanned_at`, `employee_id`, `temperature`) VALUES ('61', '2023-09-04 07:13:00', '1', '98.6');
INSERT INTO `scan` (`id`, `scanned_at`, `employee_id`, `temperature`) VALUES ('62', '2023-09-04 07:15:00', '2', '98.6');
INSERT INTO `scan` (`id`, `scanned_at`, `employee_id`, `temperature`) VALUES ('63', '2023-09-04 07:27:00', '3', '98.6');
INSERT INTO `scan` (`id`, `scanned_at`, `employee_id`, `temperature`) VALUES ('64', '2023-09-04 07:18:00', '4', '98.6');
INSERT INTO `scan` (`id`, `scanned_at`, `employee_id`, `temperature`) VALUES ('65', '2023-09-04 07:48:00', '7', '98.6');
INSERT INTO `scan` (`id`, `scanned_at`, `employee_id`, `temperature`) VALUES ('66', '2023-09-04 07:27:00', '8', '98.6');
INSERT INTO `scan` (`id`, `scanned_at`, `employee_id`, `temperature`) VALUES ('67', '2023-09-04 07:30:00', '10', '98.6');
INSERT INTO `scan` (`id`, `scanned_at`, `employee_id`, `temperature`) VALUES ('68', '2023-09-04 07:27:00', '12', '98.6');
INSERT INTO `scan` (`id`, `scanned_at`, `employee_id`, `temperature`) VALUES ('69', '2023-09-04 07:40:00', '13', '98.6');
INSERT INTO `scan` (`id`, `scanned_at`, `employee_id`, `temperature`) VALUES ('70', '2023-09-04 07:45:00', '14', '98.6');
INSERT INTO `scan` (`id`, `scanned_at`, `employee_id`, `temperature`) VALUES ('71', '2023-09-04 07:10:00', '16', '98.6');
INSERT INTO `scan` (`id`, `scanned_at`, `employee_id`, `temperature`) VALUES ('72', '2023-09-04 07:33:00', '17', '98.6');
INSERT INTO `scan` (`id`, `scanned_at`, `employee_id`, `temperature`) VALUES ('73', '2023-09-04 07:06:00', '18', '98.6');
INSERT INTO `scan` (`id`, `scanned_at`, `employee_id`, `temperature`) VALUES ('74', '2023-09-04 07:19:00', '19', '98.6');
INSERT INTO `scan` (`id`, `scanned_at`, `employee_id`, `temperature`) VALUES ('75', '2023-09-04 07:32:00', '20', '99.68929899174847');
INSERT INTO `scan` (`id`, `scanned_at`, `employee_id`, `temperature`) VALUES ('76', '2023-09-05 07:33:00', '1', '101.6806500157853');
INSERT INTO `scan` (`id`, `scanned_at`, `employee_id`, `temperature`) VALUES ('77', '2023-09-05 07:19:00', '2', '100.99434140640646');
INSERT INTO `scan` (`id`, `scanned_at`, `employee_id`, `temperature`) VALUES ('78', '2023-09-05 07:11:00', '3', '100.07243447786006');
INSERT INTO `scan` (`id`, `scanned_at`, `employee_id`, `temperature`) VALUES ('79', '2023-09-05 07:34:00', '4', '98.6');
INSERT INTO `scan` (`id`, `scanned_at`, `employee_id`, `temperature`) VALUES ('80', '2023-09-05 07:39:00', '7', '98.6');
INSERT INTO `scan` (`id`, `scanned_at`, `employee_id`, `temperature`) VALUES ('81', '2023-09-05 07:54:00', '8', '98.6');
INSERT INTO `scan` (`id`, `scanned_at`, `employee_id`, `temperature`) VALUES ('82', '2023-09-05 07:18:00', '10', '98.6');
INSERT INTO `scan` (`id`, `scanned_at`, `employee_id`, `temperature`) VALUES ('83', '2023-09-05 07:49:00', '12', '98.6');
INSERT INTO `scan` (`id`, `scanned_at`, `employee_id`, `temperature`) VALUES ('84', '2023-09-05 07:49:00', '16', '98.6');
INSERT INTO `scan` (`id`, `scanned_at`, `employee_id`, `temperature`) VALUES ('85', '2023-09-05 07:58:00', '17', '98.6');
INSERT INTO `scan` (`id`, `scanned_at`, `employee_id`, `temperature`) VALUES ('86', '2023-09-05 07:09:00', '18', '98.6');
INSERT INTO `scan` (`id`, `scanned_at`, `employee_id`, `temperature`) VALUES ('87', '2023-09-05 07:25:00', '19', '98.6');
INSERT INTO `scan` (`id`, `scanned_at`, `employee_id`, `temperature`) VALUES ('88', '2023-09-06 07:51:00', '1', '98.6');
INSERT INTO `scan` (`id`, `scanned_at`, `employee_id`, `temperature`) VALUES ('89', '2023-09-06 07:03:00', '2', '98.6');
INSERT INTO `scan` (`id`, `scanned_at`, `employee_id`, `temperature`) VALUES ('90', '2023-09-06 07:38:00', '3', '98.6');
INSERT INTO `scan` (`id`, `scanned_at`, `employee_id`, `temperature`) VALUES ('91', '2023-09-06 07:00:00', '4', '98.6');
INSERT INTO `scan` (`id`, `scanned_at`, `employee_id`, `temperature`) VALUES ('92', '2023-09-06 07:49:00', '8', '98.6');
INSERT INTO `scan` (`id`, `scanned_at`, `employee_id`, `temperature`) VALUES ('93', '2023-09-06 07:36:00', '10', '98.6');
INSERT INTO `scan` (`id`, `scanned_at`, `employee_id`, `temperature`) VALUES ('94', '2023-09-06 07:34:00', '12', '98.6');
INSERT INTO `scan` (`id`, `scanned_at`, `employee_id`, `temperature`) VALUES ('95', '2023-09-06 07:31:00', '13', '98.6');
INSERT INTO `scan` (`id`, `scanned_at`, `employee_id`, `temperature`) VALUES ('96', '2023-09-06 07:05:00', '14', '99.52164659981635');
INSERT INTO `scan` (`id`, `scanned_at`, `employee_id`, `temperature`) VALUES ('97', '2023-09-06 07:48:00', '16', '98.6');
INSERT INTO `scan` (`id`, `scanned_at`, `employee_id`, `temperature`) VALUES ('98', '2023-09-06 07:57:00', '18', '98.6');
INSERT INTO `scan` (`id`, `scanned_at`, `employee_id`, `temperature`) VALUES ('99', '2023-09-06 07:01:00', '19', '102.03370631120508');
INSERT INTO `scan` (`id`, `scanned_at`, `employee_id`, `temperature`) VALUES ('100', '2023-09-06 07:48:00', '20', '98.6');
INSERT INTO `scan` (`id`, `scanned_at`, `employee_id`, `temperature`) VALUES ('101', '2023-09-06 07:53:00', '22', '98.6');
INSERT INTO `scan` (`id`, `scanned_at`, `employee_id`, `temperature`) VALUES ('102', '2023-09-06 07:28:00', '24', '98.6');
INSERT INTO `scan` (`id`, `scanned_at`, `employee_id`, `temperature`) VALUES ('103', '2023-09-07 07:28:00', '2', '98.6');
INSERT INTO `scan` (`id`, `scanned_at`, `employee_id`, `temperature`) VALUES ('104', '2023-09-07 07:57:00', '3', '98.6');
INSERT INTO `scan` (`id`, `scanned_at`, `employee_id`, `temperature`) VALUES ('105', '2023-09-07 07:49:00', '4', '98.6');
INSERT INTO `scan` (`id`, `scanned_at`, `employee_id`, `temperature`) VALUES ('106', '2023-09-07 07:38:00', '8', '98.6');
INSERT INTO `scan` (`id`, `scanned_at`, `employee_id`, `temperature`) VALUES ('107', '2023-09-07 07:32:00', '10', '98.6');
INSERT INTO `scan` (`id`, `scanned_at`, `employee_id`, `temperature`) VALUES ('108', '2023-09-07 07:31:00', '12', '98.6');
INSERT INTO `scan` (`id`, `scanned_at`, `employee_id`, `temperature`) VALUES ('109', '2023-09-07 07:05:00', '13', '101.13707919784314');
INSERT INTO `scan` (`id`, `scanned_at`, `employee_id`, `temperature`) VALUES ('110', '2023-09-07 07:55:00', '14', '98.6');
INSERT INTO `scan` (`id`, `scanned_at`, `employee_id`, `temperature`) VALUES ('111', '2023-09-07 07:33:00', '16', '98.6');
INSERT INTO `scan` (`id`, `scanned_at`, `employee_id`, `temperature`) VALUES ('112', '2023-09-07 07:28:00', '18', '98.6');
INSERT INTO `scan` (`id`, `scanned_at`, `employee_id`, `temperature`) VALUES ('113', '2023-09-07 07:28:00', '19', '98.6');
INSERT INTO `scan` (`id`, `scanned_at`, `employee_id`, `temperature`) VALUES ('114', '2023-09-07 07:03:00', '20', '98.6');
INSERT INTO `scan` (`id`, `scanned_at`, `employee_id`, `temperature`) VALUES ('115', '2023-09-07 07:38:00', '22', '98.6');
INSERT INTO `scan` (`id`, `scanned_at`, `employee_id`, `temperature`) VALUES ('116', '2023-09-08 07:30:00', '3', '98.6');
INSERT INTO `scan` (`id`, `scanned_at`, `employee_id`, `temperature`) VALUES ('117', '2023-09-08 07:09:00', '4', '98.6');
INSERT INTO `scan` (`id`, `scanned_at`, `employee_id`, `temperature`) VALUES ('118', '2023-09-08 07:11:00', '8', '98.6');
INSERT INTO `scan` (`id`, `scanned_at`, `employee_id`, `temperature`) VALUES ('119', '2023-09-08 07:00:00', '13', '98.6');
INSERT INTO `scan` (`id`, `scanned_at`, `employee_id`, `temperature`) VALUES ('120', '2023-09-08 07:27:00', '14', '100.82943057402632');
INSERT INTO `scan` (`id`, `scanned_at`, `employee_id`, `temperature`) VALUES ('121', '2023-09-08 07:33:00', '16', '98.6');
INSERT INTO `scan` (`id`, `scanned_at`, `employee_id`, `temperature`) VALUES ('122', '2023-09-08 07:22:00', '18', '98.6');
INSERT INTO `scan` (`id`, `scanned_at`, `employee_id`, `temperature`) VALUES ('123', '2023-09-08 07:38:00', '19', '98.6');
INSERT INTO `scan` (`id`, `scanned_at`, `employee_id`, `temperature`) VALUES ('124', '2023-09-08 07:06:00', '20', '99.56092218153599');
INSERT INTO `scan` (`id`, `scanned_at`, `employee_id`, `temperature`) VALUES ('125', '2023-09-08 07:27:00', '22', '98.6');
INSERT INTO `scan` (`id`, `scanned_at`, `employee_id`, `temperature`) VALUES ('126', '2023-09-09 07:27:00', '1', '98.6');
INSERT INTO `scan` (`id`, `scanned_at`, `employee_id`, `temperature`) VALUES ('127', '2023-09-09 07:06:00', '3', '98.6');
INSERT INTO `scan` (`id`, `scanned_at`, `employee_id`, `temperature`) VALUES ('128', '2023-09-09 07:02:00', '4', '98.6');
INSERT INTO `scan` (`id`, `scanned_at`, `employee_id`, `temperature`) VALUES ('129', '2023-09-09 07:29:00', '8', '100.9370288661682');
INSERT INTO `scan` (`id`, `scanned_at`, `employee_id`, `temperature`) VALUES ('130', '2023-09-09 07:55:00', '10', '99.67758894809951');
INSERT INTO `scan` (`id`, `scanned_at`, `employee_id`, `temperature`) VALUES ('131', '2023-09-09 07:41:00', '12', '99.51901401894104');
INSERT INTO `scan` (`id`, `scanned_at`, `employee_id`, `temperature`) VALUES ('132', '2023-09-09 07:38:00', '13', '98.6');
INSERT INTO `scan` (`id`, `scanned_at`, `employee_id`, `temperature`) VALUES ('133', '2023-09-09 07:29:00', '14', '98.6');
INSERT INTO `scan` (`id`, `scanned_at`, `employee_id`, `temperature`) VALUES ('134', '2023-09-09 07:32:00', '16', '100.75161444160744');
INSERT INTO `scan` (`id`, `scanned_at`, `employee_id`, `temperature`) VALUES ('135', '2023-09-09 07:22:00', '18', '98.6');
INSERT INTO `scan` (`id`, `scanned_at`, `employee_id`, `temperature`) VALUES ('136', '2023-09-09 07:33:00', '19', '98.6');
INSERT INTO `scan` (`id`, `scanned_at`, `employee_id`, `temperature`) VALUES ('137', '2023-09-09 07:21:00', '20', '98.6');
INSERT INTO `scan` (`id`, `scanned_at`, `employee_id`, `temperature`) VALUES ('138', '2023-09-09 07:37:00', '22', '98.6');
INSERT INTO `scan` (`id`, `scanned_at`, `employee_id`, `temperature`) VALUES ('139', '2023-09-10 07:02:00', '1', '98.6');
INSERT INTO `scan` (`id`, `scanned_at`, `employee_id`, `temperature`) VALUES ('140', '2023-09-10 07:06:00', '3', '98.6');
INSERT INTO `scan` (`id`, `scanned_at`, `employee_id`, `temperature`) VALUES ('141', '2023-09-10 07:36:00', '4', '98.6');
INSERT INTO `scan` (`id`, `scanned_at`, `employee_id`, `temperature`) VALUES ('142', '2023-09-10 07:17:00', '10', '98.6');
INSERT INTO `scan` (`id`, `scanned_at`, `employee_id`, `temperature`) VALUES ('143', '2023-09-10 07:27:00', '12', '98.6');
INSERT INTO `scan` (`id`, `scanned_at`, `employee_id`, `temperature`) VALUES ('144', '2023-09-10 07:31:00', '13', '98.6');
INSERT INTO `scan` (`id`, `scanned_at`, `employee_id`, `temperature`) VALUES ('145', '2023-09-10 07:59:00', '14', '101.46825168354988');
INSERT INTO `scan` (`id`, `scanned_at`, `employee_id`, `temperature`) VALUES ('146', '2023-09-10 07:15:00', '16', '98.6');
INSERT INTO `scan` (`id`, `scanned_at`, `employee_id`, `temperature`) VALUES ('147', '2023-09-10 07:16:00', '18', '98.6');
INSERT INTO `scan` (`id`, `scanned_at`, `employee_id`, `temperature`) VALUES ('148', '2023-09-10 07:00:00', '19', '98.6');
INSERT INTO `scan` (`id`, `scanned_at`, `employee_id`, `temperature`) VALUES ('149', '2023-09-10 07:38:00', '20', '98.6');
INSERT INTO `scan` (`id`, `scanned_at`, `employee_id`, `temperature`) VALUES ('150', '2023-09-10 07:57:00', '22', '98.6');
INSERT INTO `scan` (`id`, `scanned_at`, `employee_id`, `temperature`) VALUES ('151', '2023-09-11 07:12:00', '3', '98.6');
INSERT INTO `scan` (`id`, `scanned_at`, `employee_id`, `temperature`) VALUES ('152', '2023-09-11 07:59:00', '4', '98.6');
INSERT INTO `scan` (`id`, `scanned_at`, `employee_id`, `temperature`) VALUES ('153', '2023-09-11 07:36:00', '10', '99.98826754122781');
INSERT INTO `scan` (`id`, `scanned_at`, `employee_id`, `temperature`) VALUES ('154', '2023-09-11 07:23:00', '12', '101.93983727130436');
INSERT INTO `scan` (`id`, `scanned_at`, `employee_id`, `temperature`) VALUES ('155', '2023-09-11 07:19:00', '13', '98.6');
INSERT INTO `scan` (`id`, `scanned_at`, `employee_id`, `temperature`) VALUES ('156', '2023-09-11 07:51:00', '14', '98.6');
INSERT INTO `scan` (`id`, `scanned_at`, `employee_id`, `temperature`) VALUES ('157', '2023-09-11 07:40:00', '18', '98.6');
INSERT INTO `scan` (`id`, `scanned_at`, `employee_id`, `temperature`) VALUES ('158', '2023-09-11 07:22:00', '19', '98.6');
INSERT INTO `scan` (`id`, `scanned_at`, `employee_id`, `temperature`) VALUES ('159', '2023-09-12 07:43:00', '2', '98.6');
INSERT INTO `scan` (`id`, `scanned_at`, `employee_id`, `temperature`) VALUES ('160', '2023-09-12 07:55:00', '3', '98.6');
INSERT INTO `scan` (`id`, `scanned_at`, `employee_id`, `temperature`) VALUES ('161', '2023-09-12 07:06:00', '4', '98.6');
INSERT INTO `scan` (`id`, `scanned_at`, `employee_id`, `temperature`) VALUES ('162', '2023-09-12 07:51:00', '10', '98.6');
INSERT INTO `scan` (`id`, `scanned_at`, `employee_id`, `temperature`) VALUES ('163', '2023-09-12 07:32:00', '12', '98.6');
INSERT INTO `scan` (`id`, `scanned_at`, `employee_id`, `temperature`) VALUES ('164', '2023-09-12 07:35:00', '13', '98.6');
INSERT INTO `scan` (`id`, `scanned_at`, `employee_id`, `temperature`) VALUES ('165', '2023-09-12 07:13:00', '14', '98.6');
INSERT INTO `scan` (`id`, `scanned_at`, `employee_id`, `temperature`) VALUES ('166', '2023-09-12 07:49:00', '16', '98.6');
INSERT INTO `scan` (`id`, `scanned_at`, `employee_id`, `temperature`) VALUES ('167', '2023-09-12 07:59:00', '19', '101.68678319792735');
INSERT INTO `scan` (`id`, `scanned_at`, `employee_id`, `temperature`) VALUES ('168', '2023-09-12 07:50:00', '20', '98.6');
INSERT INTO `scan` (`id`, `scanned_at`, `employee_id`, `temperature`) VALUES ('169', '2023-09-12 07:56:00', '22', '98.6');
INSERT INTO `scan` (`id`, `scanned_at`, `employee_id`, `temperature`) VALUES ('170', '2023-09-13 07:31:00', '1', '98.6');
INSERT INTO `scan` (`id`, `scanned_at`, `employee_id`, `temperature`) VALUES ('171', '2023-09-13 07:09:00', '2', '98.6');
INSERT INTO `scan` (`id`, `scanned_at`, `employee_id`, `temperature`) VALUES ('172', '2023-09-13 07:33:00', '3', '98.6');
INSERT INTO `scan` (`id`, `scanned_at`, `employee_id`, `temperature`) VALUES ('173', '2023-09-13 07:49:00', '4', '98.6');
INSERT INTO `scan` (`id`, `scanned_at`, `employee_id`, `temperature`) VALUES ('174', '2023-09-13 07:44:00', '10', '100.12833868023857');
INSERT INTO `scan` (`id`, `scanned_at`, `employee_id`, `temperature`) VALUES ('175', '2023-09-13 07:19:00', '13', '98.6');
INSERT INTO `scan` (`id`, `scanned_at`, `employee_id`, `temperature`) VALUES ('176', '2023-09-13 07:40:00', '14', '98.6');
INSERT INTO `scan` (`id`, `scanned_at`, `employee_id`, `temperature`) VALUES ('177', '2023-09-13 07:15:00', '16', '98.6');
INSERT INTO `scan` (`id`, `scanned_at`, `employee_id`, `temperature`) VALUES ('178', '2023-09-13 07:44:00', '19', '98.6');
INSERT INTO `scan` (`id`, `scanned_at`, `employee_id`, `temperature`) VALUES ('179', '2023-09-13 07:51:00', '20', '101.17524301155417');
INSERT INTO `scan` (`id`, `scanned_at`, `employee_id`, `temperature`) VALUES ('180', '2023-09-13 07:06:00', '22', '98.6');
INSERT INTO `scan` (`id`, `scanned_at`, `employee_id`, `temperature`) VALUES ('181', '2023-09-14 07:39:00', '1', '101.57179792125218');
INSERT INTO `scan` (`id`, `scanned_at`, `employee_id`, `temperature`) VALUES ('182', '2023-09-14 07:55:00', '2', '100.34117758239792');
INSERT INTO `scan` (`id`, `scanned_at`, `employee_id`, `temperature`) VALUES ('183', '2023-09-14 07:47:00', '3', '98.6');
INSERT INTO `scan` (`id`, `scanned_at`, `employee_id`, `temperature`) VALUES ('184', '2023-09-14 07:36:00', '4', '98.6');
INSERT INTO `scan` (`id`, `scanned_at`, `employee_id`, `temperature`) VALUES ('185', '2023-09-14 07:28:00', '10', '98.6');
INSERT INTO `scan` (`id`, `scanned_at`, `employee_id`, `temperature`) VALUES ('186', '2023-09-14 07:56:00', '13', '98.6');
INSERT INTO `scan` (`id`, `scanned_at`, `employee_id`, `temperature`) VALUES ('187', '2023-09-14 07:07:00', '14', '98.6');
INSERT INTO `scan` (`id`, `scanned_at`, `employee_id`, `temperature`) VALUES ('188', '2023-09-14 07:29:00', '16', '98.6');
INSERT INTO `scan` (`id`, `scanned_at`, `employee_id`, `temperature`) VALUES ('189', '2023-09-14 07:43:00', '19', '98.6');
INSERT INTO `scan` (`id`, `scanned_at`, `employee_id`, `temperature`) VALUES ('190', '2023-09-14 07:08:00', '20', '98.6');
INSERT INTO `scan` (`id`, `scanned_at`, `employee_id`, `temperature`) VALUES ('191', '2023-09-14 07:19:00', '22', '98.6');
INSERT INTO `scan` (`id`, `scanned_at`, `employee_id`, `temperature`) VALUES ('192', '2023-09-15 07:25:00', '1', '98.6');
INSERT INTO `scan` (`id`, `scanned_at`, `employee_id`, `temperature`) VALUES ('193', '2023-09-15 07:47:00', '2', '98.6');
INSERT INTO `scan` (`id`, `scanned_at`, `employee_id`, `temperature`) VALUES ('194', '2023-09-15 07:14:00', '3', '98.6');
INSERT INTO `scan` (`id`, `scanned_at`, `employee_id`, `temperature`) VALUES ('195', '2023-09-15 07:22:00', '4', '99.41468883787134');
INSERT INTO `scan` (`id`, `scanned_at`, `employee_id`, `temperature`) VALUES ('196', '2023-09-15 07:16:00', '10', '98.6');
INSERT INTO `scan` (`id`, `scanned_at`, `employee_id`, `temperature`) VALUES ('197', '2023-09-15 07:47:00', '13', '98.6');
INSERT INTO `scan` (`id`, `scanned_at`, `employee_id`, `temperature`) VALUES ('198', '2023-09-15 07:25:00', '14', '98.6');
INSERT INTO `scan` (`id`, `scanned_at`, `employee_id`, `temperature`) VALUES ('199', '2023-09-15 07:45:00', '16', '98.6');
INSERT INTO `scan` (`id`, `scanned_at`, `employee_id`, `temperature`) VALUES ('200', '2023-09-15 07:18:00', '20', '98.6');
INSERT INTO `scan` (`id`, `scanned_at`, `employee_id`, `temperature`) VALUES ('201', '2023-09-15 07:06:00', '22', '98.6');

INSERT INTO `test` (`id`, `location`, `tested_at`, `employee_id`, `result`) VALUES ('0', 'onsite', '2023-09-01 06:00:00', '0', 'POSITIVE');
INSERT INTO `test` (`id`, `location`, `tested_at`, `employee_id`, `result`) VALUES ('1', 'onsite', '2023-09-01 06:00:00', '1', 'NEGATIVE');
INSERT INTO `test` (`id`, `location`, `tested_at`, `employee_id`, `result`) VALUES ('2', 'hospital', '2023-09-01 06:00:00', '2', 'NEGATIVE');
INSERT INTO `test` (`id`, `location`, `tested_at`, `employee_id`, `result`) VALUES ('3', 'hospital', '2023-09-01 06:00:00', '3', 'NEGATIVE');
INSERT INTO `test` (`id`, `location`, `tested_at`, `employee_id`, `result`) VALUES ('4', 'clinic', '2023-09-01 06:00:00', '4', 'NEGATIVE');
INSERT INTO `test` (`id`, `location`, `tested_at`, `employee_id`, `result`) VALUES ('5', 'clinic', '2023-09-01 06:00:00', '5', 'POSITIVE');
INSERT INTO `test` (`id`, `location`, `tested_at`, `employee_id`, `result`) VALUES ('6', 'clinic', '2023-09-01 06:00:00', '6', 'POSITIVE');
INSERT INTO `test` (`id`, `location`, `tested_at`, `employee_id`, `result`) VALUES ('7', 'hospital', '2023-09-01 06:00:00', '7', 'NEGATIVE');
INSERT INTO `test` (`id`, `location`, `tested_at`, `employee_id`, `result`) VALUES ('8', 'hospital', '2023-09-01 06:00:00', '8', 'NEGATIVE');
INSERT INTO `test` (`id`, `location`, `tested_at`, `employee_id`, `result`) VALUES ('9', 'hospital', '2023-09-01 06:00:00', '9', 'POSITIVE');
INSERT INTO `test` (`id`, `location`, `tested_at`, `employee_id`, `result`) VALUES ('10', 'onsite', '2023-09-01 06:00:00', '10', 'NEGATIVE');
INSERT INTO `test` (`id`, `location`, `tested_at`, `employee_id`, `result`) VALUES ('11', 'clinic', '2023-09-01 06:00:00', '11', 'NEGATIVE');
INSERT INTO `test` (`id`, `location`, `tested_at`, `employee_id`, `result`) VALUES ('12', 'onsite', '2023-09-01 06:00:00', '12', 'NEGATIVE');
INSERT INTO `test` (`id`, `location`, `tested_at`, `employee_id`, `result`) VALUES ('13', 'clinic', '2023-09-01 06:00:00', '13', 'NEGATIVE');
INSERT INTO `test` (`id`, `location`, `tested_at`, `employee_id`, `result`) VALUES ('14', 'hospital', '2023-09-01 06:00:00', '14', 'NEGATIVE');
INSERT INTO `test` (`id`, `location`, `tested_at`, `employee_id`, `result`) VALUES ('15', 'hospital', '2023-09-01 06:00:00', '15', 'POSITIVE');
INSERT INTO `test` (`id`, `location`, `tested_at`, `employee_id`, `result`) VALUES ('16', 'clinic', '2023-09-01 06:00:00', '16', 'NEGATIVE');
INSERT INTO `test` (`id`, `location`, `tested_at`, `employee_id`, `result`) VALUES ('17', 'onsite', '2023-09-01 06:00:00', '17', 'NEGATIVE');
INSERT INTO `test` (`id`, `location`, `tested_at`, `employee_id`, `result`) VALUES ('18', 'hospital', '2023-09-01 06:00:00', '18', 'NEGATIVE');
INSERT INTO `test` (`id`, `location`, `tested_at`, `employee_id`, `result`) VALUES ('19', 'clinic', '2023-09-01 06:00:00', '19', 'NEGATIVE');
INSERT INTO `test` (`id`, `location`, `tested_at`, `employee_id`, `result`) VALUES ('20', 'hospital', '2023-09-01 06:00:00', '20', 'NEGATIVE');
INSERT INTO `test` (`id`, `location`, `tested_at`, `employee_id`, `result`) VALUES ('21', 'hospital', '2023-09-01 06:00:00', '21', 'NEGATIVE');
INSERT INTO `test` (`id`, `location`, `tested_at`, `employee_id`, `result`) VALUES ('22', 'hospital', '2023-09-01 06:00:00', '22', 'POSITIVE');
INSERT INTO `test` (`id`, `location`, `tested_at`, `employee_id`, `result`) VALUES ('23', 'clinic', '2023-09-01 06:00:00', '23', 'NEGATIVE');
INSERT INTO `test` (`id`, `location`, `tested_at`, `employee_id`, `result`) VALUES ('24', 'hospital', '2023-09-01 06:00:00', '24', 'NEGATIVE');
INSERT INTO `test` (`id`, `location`, `tested_at`, `employee_id`, `result`) VALUES ('25', 'onsite', '2023-09-02 06:00:00', '1', 'NEGATIVE');
INSERT INTO `test` (`id`, `location`, `tested_at`, `employee_id`, `result`) VALUES ('26', 'onsite', '2023-09-02 06:00:00', '2', 'NEGATIVE');
INSERT INTO `test` (`id`, `location`, `tested_at`, `employee_id`, `result`) VALUES ('27', 'onsite', '2023-09-02 06:00:00', '3', 'NEGATIVE');
INSERT INTO `test` (`id`, `location`, `tested_at`, `employee_id`, `result`) VALUES ('28', 'onsite', '2023-09-02 06:00:00', '4', 'NEGATIVE');
INSERT INTO `test` (`id`, `location`, `tested_at`, `employee_id`, `result`) VALUES ('29', 'hospital', '2023-09-02 06:00:00', '7', 'NEGATIVE');
INSERT INTO `test` (`id`, `location`, `tested_at`, `employee_id`, `result`) VALUES ('30', 'hospital', '2023-09-02 06:00:00', '8', 'NEGATIVE');
INSERT INTO `test` (`id`, `location`, `tested_at`, `employee_id`, `result`) VALUES ('31', 'hospital', '2023-09-02 06:00:00', '10', 'NEGATIVE');
INSERT INTO `test` (`id`, `location`, `tested_at`, `employee_id`, `result`) VALUES ('32', 'hospital', '2023-09-02 06:00:00', '11', 'NEGATIVE');
INSERT INTO `test` (`id`, `location`, `tested_at`, `employee_id`, `result`) VALUES ('33', 'clinic', '2023-09-02 06:00:00', '12', 'NEGATIVE');
INSERT INTO `test` (`id`, `location`, `tested_at`, `employee_id`, `result`) VALUES ('34', 'clinic', '2023-09-02 06:00:00', '13', 'NEGATIVE');
INSERT INTO `test` (`id`, `location`, `tested_at`, `employee_id`, `result`) VALUES ('35', 'clinic', '2023-09-02 06:00:00', '14', 'NEGATIVE');
INSERT INTO `test` (`id`, `location`, `tested_at`, `employee_id`, `result`) VALUES ('36', 'hospital', '2023-09-02 06:00:00', '16', 'NEGATIVE');
INSERT INTO `test` (`id`, `location`, `tested_at`, `employee_id`, `result`) VALUES ('37', 'hospital', '2023-09-02 06:00:00', '17', 'NEGATIVE');
INSERT INTO `test` (`id`, `location`, `tested_at`, `employee_id`, `result`) VALUES ('38', 'clinic', '2023-09-02 06:00:00', '18', 'NEGATIVE');
INSERT INTO `test` (`id`, `location`, `tested_at`, `employee_id`, `result`) VALUES ('39', 'clinic', '2023-09-02 06:00:00', '19', 'NEGATIVE');
INSERT INTO `test` (`id`, `location`, `tested_at`, `employee_id`, `result`) VALUES ('40', 'onsite', '2023-09-02 06:00:00', '20', 'NEGATIVE');
INSERT INTO `test` (`id`, `location`, `tested_at`, `employee_id`, `result`) VALUES ('41', 'hospital', '2023-09-02 06:00:00', '21', 'NEGATIVE');
INSERT INTO `test` (`id`, `location`, `tested_at`, `employee_id`, `result`) VALUES ('42', 'hospital', '2023-09-02 06:00:00', '23', 'POSITIVE');
INSERT INTO `test` (`id`, `location`, `tested_at`, `employee_id`, `result`) VALUES ('43', 'onsite', '2023-09-02 06:00:00', '24', 'POSITIVE');
INSERT INTO `test` (`id`, `location`, `tested_at`, `employee_id`, `result`) VALUES ('44', 'onsite', '2023-09-03 06:00:00', '1', 'NEGATIVE');
INSERT INTO `test` (`id`, `location`, `tested_at`, `employee_id`, `result`) VALUES ('45', 'clinic', '2023-09-03 06:00:00', '2', 'NEGATIVE');
INSERT INTO `test` (`id`, `location`, `tested_at`, `employee_id`, `result`) VALUES ('46', 'hospital', '2023-09-03 06:00:00', '3', 'NEGATIVE');
INSERT INTO `test` (`id`, `location`, `tested_at`, `employee_id`, `result`) VALUES ('47', 'clinic', '2023-09-03 06:00:00', '4', 'NEGATIVE');
INSERT INTO `test` (`id`, `location`, `tested_at`, `employee_id`, `result`) VALUES ('48', 'hospital', '2023-09-03 06:00:00', '7', 'NEGATIVE');
INSERT INTO `test` (`id`, `location`, `tested_at`, `employee_id`, `result`) VALUES ('49', 'hospital', '2023-09-03 06:00:00', '8', 'NEGATIVE');
INSERT INTO `test` (`id`, `location`, `tested_at`, `employee_id`, `result`) VALUES ('50', 'onsite', '2023-09-03 06:00:00', '10', 'NEGATIVE');
INSERT INTO `test` (`id`, `location`, `tested_at`, `employee_id`, `result`) VALUES ('51', 'clinic', '2023-09-03 06:00:00', '11', 'POSITIVE');
INSERT INTO `test` (`id`, `location`, `tested_at`, `employee_id`, `result`) VALUES ('52', 'hospital', '2023-09-03 06:00:00', '12', 'NEGATIVE');
INSERT INTO `test` (`id`, `location`, `tested_at`, `employee_id`, `result`) VALUES ('53', 'clinic', '2023-09-03 06:00:00', '13', 'NEGATIVE');
INSERT INTO `test` (`id`, `location`, `tested_at`, `employee_id`, `result`) VALUES ('54', 'onsite', '2023-09-03 06:00:00', '14', 'NEGATIVE');
INSERT INTO `test` (`id`, `location`, `tested_at`, `employee_id`, `result`) VALUES ('55', 'onsite', '2023-09-03 06:00:00', '16', 'NEGATIVE');
INSERT INTO `test` (`id`, `location`, `tested_at`, `employee_id`, `result`) VALUES ('56', 'hospital', '2023-09-03 06:00:00', '17', 'NEGATIVE');
INSERT INTO `test` (`id`, `location`, `tested_at`, `employee_id`, `result`) VALUES ('57', 'onsite', '2023-09-03 06:00:00', '18', 'NEGATIVE');
INSERT INTO `test` (`id`, `location`, `tested_at`, `employee_id`, `result`) VALUES ('58', 'hospital', '2023-09-03 06:00:00', '19', 'NEGATIVE');
INSERT INTO `test` (`id`, `location`, `tested_at`, `employee_id`, `result`) VALUES ('59', 'hospital', '2023-09-03 06:00:00', '20', 'NEGATIVE');
INSERT INTO `test` (`id`, `location`, `tested_at`, `employee_id`, `result`) VALUES ('60', 'hospital', '2023-09-03 06:00:00', '21', 'POSITIVE');
INSERT INTO `test` (`id`, `location`, `tested_at`, `employee_id`, `result`) VALUES ('61', 'clinic', '2023-09-04 06:00:00', '1', 'NEGATIVE');
INSERT INTO `test` (`id`, `location`, `tested_at`, `employee_id`, `result`) VALUES ('62', 'clinic', '2023-09-04 06:00:00', '2', 'NEGATIVE');
INSERT INTO `test` (`id`, `location`, `tested_at`, `employee_id`, `result`) VALUES ('63', 'onsite', '2023-09-04 06:00:00', '3', 'NEGATIVE');
INSERT INTO `test` (`id`, `location`, `tested_at`, `employee_id`, `result`) VALUES ('64', 'clinic', '2023-09-04 06:00:00', '4', 'NEGATIVE');
INSERT INTO `test` (`id`, `location`, `tested_at`, `employee_id`, `result`) VALUES ('65', 'hospital', '2023-09-04 06:00:00', '7', 'NEGATIVE');
INSERT INTO `test` (`id`, `location`, `tested_at`, `employee_id`, `result`) VALUES ('66', 'clinic', '2023-09-04 06:00:00', '8', 'NEGATIVE');
INSERT INTO `test` (`id`, `location`, `tested_at`, `employee_id`, `result`) VALUES ('67', 'clinic', '2023-09-04 06:00:00', '10', 'NEGATIVE');
INSERT INTO `test` (`id`, `location`, `tested_at`, `employee_id`, `result`) VALUES ('68', 'onsite', '2023-09-04 06:00:00', '12', 'NEGATIVE');
INSERT INTO `test` (`id`, `location`, `tested_at`, `employee_id`, `result`) VALUES ('69', 'onsite', '2023-09-04 06:00:00', '13', 'POSITIVE');
INSERT INTO `test` (`id`, `location`, `tested_at`, `employee_id`, `result`) VALUES ('70', 'onsite', '2023-09-04 06:00:00', '14', 'POSITIVE');
INSERT INTO `test` (`id`, `location`, `tested_at`, `employee_id`, `result`) VALUES ('71', 'clinic', '2023-09-04 06:00:00', '16', 'NEGATIVE');
INSERT INTO `test` (`id`, `location`, `tested_at`, `employee_id`, `result`) VALUES ('72', 'hospital', '2023-09-04 06:00:00', '17', 'NEGATIVE');
INSERT INTO `test` (`id`, `location`, `tested_at`, `employee_id`, `result`) VALUES ('73', 'hospital', '2023-09-04 06:00:00', '18', 'NEGATIVE');
INSERT INTO `test` (`id`, `location`, `tested_at`, `employee_id`, `result`) VALUES ('74', 'onsite', '2023-09-04 06:00:00', '19', 'NEGATIVE');
INSERT INTO `test` (`id`, `location`, `tested_at`, `employee_id`, `result`) VALUES ('75', 'onsite', '2023-09-04 06:00:00', '20', 'POSITIVE');
INSERT INTO `test` (`id`, `location`, `tested_at`, `employee_id`, `result`) VALUES ('76', 'clinic', '2023-09-05 06:00:00', '1', 'NEGATIVE');
INSERT INTO `test` (`id`, `location`, `tested_at`, `employee_id`, `result`) VALUES ('77', 'clinic', '2023-09-05 06:00:00', '2', 'NEGATIVE');
INSERT INTO `test` (`id`, `location`, `tested_at`, `employee_id`, `result`) VALUES ('78', 'onsite', '2023-09-05 06:00:00', '3', 'NEGATIVE');
INSERT INTO `test` (`id`, `location`, `tested_at`, `employee_id`, `result`) VALUES ('79', 'clinic', '2023-09-05 06:00:00', '4', 'NEGATIVE');
INSERT INTO `test` (`id`, `location`, `tested_at`, `employee_id`, `result`) VALUES ('80', 'onsite', '2023-09-05 06:00:00', '7', 'POSITIVE');
INSERT INTO `test` (`id`, `location`, `tested_at`, `employee_id`, `result`) VALUES ('81', 'clinic', '2023-09-05 06:00:00', '8', 'NEGATIVE');
INSERT INTO `test` (`id`, `location`, `tested_at`, `employee_id`, `result`) VALUES ('82', 'hospital', '2023-09-05 06:00:00', '10', 'NEGATIVE');
INSERT INTO `test` (`id`, `location`, `tested_at`, `employee_id`, `result`) VALUES ('83', 'hospital', '2023-09-05 06:00:00', '12', 'NEGATIVE');
INSERT INTO `test` (`id`, `location`, `tested_at`, `employee_id`, `result`) VALUES ('84', 'clinic', '2023-09-05 06:00:00', '13', 'NEGATIVE');
INSERT INTO `test` (`id`, `location`, `tested_at`, `employee_id`, `result`) VALUES ('85', 'onsite', '2023-09-05 06:00:00', '14', 'NEGATIVE');
INSERT INTO `test` (`id`, `location`, `tested_at`, `employee_id`, `result`) VALUES ('86', 'hospital', '2023-09-05 06:00:00', '16', 'NEGATIVE');
INSERT INTO `test` (`id`, `location`, `tested_at`, `employee_id`, `result`) VALUES ('87', 'onsite', '2023-09-05 06:00:00', '17', 'POSITIVE');
INSERT INTO `test` (`id`, `location`, `tested_at`, `employee_id`, `result`) VALUES ('88', 'onsite', '2023-09-05 06:00:00', '18', 'NEGATIVE');
INSERT INTO `test` (`id`, `location`, `tested_at`, `employee_id`, `result`) VALUES ('89', 'onsite', '2023-09-05 06:00:00', '19', 'NEGATIVE');
INSERT INTO `test` (`id`, `location`, `tested_at`, `employee_id`, `result`) VALUES ('90', 'onsite', '2023-09-05 06:00:00', '20', 'NEGATIVE');
INSERT INTO `test` (`id`, `location`, `tested_at`, `employee_id`, `result`) VALUES ('91', 'clinic', '2023-09-05 06:00:00', '22', 'NEGATIVE');
INSERT INTO `test` (`id`, `location`, `tested_at`, `employee_id`, `result`) VALUES ('92', 'clinic', '2023-09-05 06:00:00', '24', 'NEGATIVE');
INSERT INTO `test` (`id`, `location`, `tested_at`, `employee_id`, `result`) VALUES ('93', 'hospital', '2023-09-05 06:00:00', '0', 'NEGATIVE');
INSERT INTO `test` (`id`, `location`, `tested_at`, `employee_id`, `result`) VALUES ('94', 'hospital', '2023-09-05 06:00:00', '5', 'NEGATIVE');
INSERT INTO `test` (`id`, `location`, `tested_at`, `employee_id`, `result`) VALUES ('95', 'hospital', '2023-09-05 06:00:00', '6', 'NEGATIVE');
INSERT INTO `test` (`id`, `location`, `tested_at`, `employee_id`, `result`) VALUES ('96', 'hospital', '2023-09-05 06:00:00', '9', 'NEGATIVE');
INSERT INTO `test` (`id`, `location`, `tested_at`, `employee_id`, `result`) VALUES ('97', 'hospital', '2023-09-05 06:00:00', '15', 'NEGATIVE');
INSERT INTO `test` (`id`, `location`, `tested_at`, `employee_id`, `result`) VALUES ('98', 'hospital', '2023-09-05 06:00:00', '22', 'NEGATIVE');
INSERT INTO `test` (`id`, `location`, `tested_at`, `employee_id`, `result`) VALUES ('99', 'clinic', '2023-09-06 06:00:00', '1', 'POSITIVE');
INSERT INTO `test` (`id`, `location`, `tested_at`, `employee_id`, `result`) VALUES ('100', 'clinic', '2023-09-06 06:00:00', '2', 'NEGATIVE');
INSERT INTO `test` (`id`, `location`, `tested_at`, `employee_id`, `result`) VALUES ('101', 'onsite', '2023-09-06 06:00:00', '3', 'NEGATIVE');
INSERT INTO `test` (`id`, `location`, `tested_at`, `employee_id`, `result`) VALUES ('102', 'clinic', '2023-09-06 06:00:00', '4', 'NEGATIVE');
INSERT INTO `test` (`id`, `location`, `tested_at`, `employee_id`, `result`) VALUES ('103', 'onsite', '2023-09-06 06:00:00', '8', 'NEGATIVE');
INSERT INTO `test` (`id`, `location`, `tested_at`, `employee_id`, `result`) VALUES ('104', 'hospital', '2023-09-06 06:00:00', '10', 'NEGATIVE');
INSERT INTO `test` (`id`, `location`, `tested_at`, `employee_id`, `result`) VALUES ('105', 'onsite', '2023-09-06 06:00:00', '12', 'NEGATIVE');
INSERT INTO `test` (`id`, `location`, `tested_at`, `employee_id`, `result`) VALUES ('106', 'clinic', '2023-09-06 06:00:00', '13', 'NEGATIVE');
INSERT INTO `test` (`id`, `location`, `tested_at`, `employee_id`, `result`) VALUES ('107', 'clinic', '2023-09-06 06:00:00', '14', 'NEGATIVE');
INSERT INTO `test` (`id`, `location`, `tested_at`, `employee_id`, `result`) VALUES ('108', 'clinic', '2023-09-06 06:00:00', '16', 'NEGATIVE');
INSERT INTO `test` (`id`, `location`, `tested_at`, `employee_id`, `result`) VALUES ('109', 'onsite', '2023-09-06 06:00:00', '18', 'NEGATIVE');
INSERT INTO `test` (`id`, `location`, `tested_at`, `employee_id`, `result`) VALUES ('110', 'clinic', '2023-09-06 06:00:00', '19', 'NEGATIVE');
INSERT INTO `test` (`id`, `location`, `tested_at`, `employee_id`, `result`) VALUES ('111', 'clinic', '2023-09-06 06:00:00', '20', 'NEGATIVE');
INSERT INTO `test` (`id`, `location`, `tested_at`, `employee_id`, `result`) VALUES ('112', 'hospital', '2023-09-06 06:00:00', '22', 'NEGATIVE');
INSERT INTO `test` (`id`, `location`, `tested_at`, `employee_id`, `result`) VALUES ('113', 'hospital', '2023-09-06 06:00:00', '24', 'POSITIVE');
INSERT INTO `test` (`id`, `location`, `tested_at`, `employee_id`, `result`) VALUES ('114', 'hospital', '2023-09-06 06:00:00', '0', 'NEGATIVE');
INSERT INTO `test` (`id`, `location`, `tested_at`, `employee_id`, `result`) VALUES ('115', 'hospital', '2023-09-06 06:00:00', '5', 'NEGATIVE');
INSERT INTO `test` (`id`, `location`, `tested_at`, `employee_id`, `result`) VALUES ('116', 'hospital', '2023-09-06 06:00:00', '6', 'NEGATIVE');
INSERT INTO `test` (`id`, `location`, `tested_at`, `employee_id`, `result`) VALUES ('117', 'hospital', '2023-09-06 06:00:00', '9', 'NEGATIVE');
INSERT INTO `test` (`id`, `location`, `tested_at`, `employee_id`, `result`) VALUES ('118', 'hospital', '2023-09-06 06:00:00', '15', 'NEGATIVE');
INSERT INTO `test` (`id`, `location`, `tested_at`, `employee_id`, `result`) VALUES ('119', 'hospital', '2023-09-06 06:00:00', '23', 'NEGATIVE');
INSERT INTO `test` (`id`, `location`, `tested_at`, `employee_id`, `result`) VALUES ('120', 'onsite', '2023-09-07 06:00:00', '2', 'POSITIVE');
INSERT INTO `test` (`id`, `location`, `tested_at`, `employee_id`, `result`) VALUES ('121', 'clinic', '2023-09-07 06:00:00', '3', 'NEGATIVE');
INSERT INTO `test` (`id`, `location`, `tested_at`, `employee_id`, `result`) VALUES ('122', 'hospital', '2023-09-07 06:00:00', '4', 'NEGATIVE');
INSERT INTO `test` (`id`, `location`, `tested_at`, `employee_id`, `result`) VALUES ('123', 'clinic', '2023-09-07 06:00:00', '8', 'NEGATIVE');
INSERT INTO `test` (`id`, `location`, `tested_at`, `employee_id`, `result`) VALUES ('124', 'onsite', '2023-09-07 06:00:00', '10', 'POSITIVE');
INSERT INTO `test` (`id`, `location`, `tested_at`, `employee_id`, `result`) VALUES ('125', 'hospital', '2023-09-07 06:00:00', '12', 'POSITIVE');
INSERT INTO `test` (`id`, `location`, `tested_at`, `employee_id`, `result`) VALUES ('126', 'hospital', '2023-09-07 06:00:00', '13', 'NEGATIVE');
INSERT INTO `test` (`id`, `location`, `tested_at`, `employee_id`, `result`) VALUES ('127', 'clinic', '2023-09-07 06:00:00', '14', 'NEGATIVE');
INSERT INTO `test` (`id`, `location`, `tested_at`, `employee_id`, `result`) VALUES ('128', 'onsite', '2023-09-07 06:00:00', '16', 'NEGATIVE');
INSERT INTO `test` (`id`, `location`, `tested_at`, `employee_id`, `result`) VALUES ('129', 'onsite', '2023-09-07 06:00:00', '18', 'NEGATIVE');
INSERT INTO `test` (`id`, `location`, `tested_at`, `employee_id`, `result`) VALUES ('130', 'hospital', '2023-09-07 06:00:00', '19', 'NEGATIVE');
INSERT INTO `test` (`id`, `location`, `tested_at`, `employee_id`, `result`) VALUES ('131', 'hospital', '2023-09-07 06:00:00', '20', 'NEGATIVE');
INSERT INTO `test` (`id`, `location`, `tested_at`, `employee_id`, `result`) VALUES ('132', 'hospital', '2023-09-07 06:00:00', '22', 'NEGATIVE');
INSERT INTO `test` (`id`, `location`, `tested_at`, `employee_id`, `result`) VALUES ('133', 'hospital', '2023-09-07 06:00:00', '0', 'NEGATIVE');
INSERT INTO `test` (`id`, `location`, `tested_at`, `employee_id`, `result`) VALUES ('134', 'hospital', '2023-09-07 06:00:00', '5', 'NEGATIVE');
INSERT INTO `test` (`id`, `location`, `tested_at`, `employee_id`, `result`) VALUES ('135', 'hospital', '2023-09-07 06:00:00', '6', 'NEGATIVE');
INSERT INTO `test` (`id`, `location`, `tested_at`, `employee_id`, `result`) VALUES ('136', 'hospital', '2023-09-07 06:00:00', '9', 'NEGATIVE');
INSERT INTO `test` (`id`, `location`, `tested_at`, `employee_id`, `result`) VALUES ('137', 'hospital', '2023-09-07 06:00:00', '11', 'NEGATIVE');
INSERT INTO `test` (`id`, `location`, `tested_at`, `employee_id`, `result`) VALUES ('138', 'hospital', '2023-09-07 06:00:00', '15', 'NEGATIVE');
INSERT INTO `test` (`id`, `location`, `tested_at`, `employee_id`, `result`) VALUES ('139', 'hospital', '2023-09-07 06:00:00', '21', 'NEGATIVE');
INSERT INTO `test` (`id`, `location`, `tested_at`, `employee_id`, `result`) VALUES ('140', 'hospital', '2023-09-07 06:00:00', '23', 'NEGATIVE');
INSERT INTO `test` (`id`, `location`, `tested_at`, `employee_id`, `result`) VALUES ('141', 'hospital', '2023-09-08 06:00:00', '1', 'NEGATIVE');
INSERT INTO `test` (`id`, `location`, `tested_at`, `employee_id`, `result`) VALUES ('142', 'hospital', '2023-09-08 06:00:00', '3', 'NEGATIVE');
INSERT INTO `test` (`id`, `location`, `tested_at`, `employee_id`, `result`) VALUES ('143', 'clinic', '2023-09-08 06:00:00', '4', 'NEGATIVE');
INSERT INTO `test` (`id`, `location`, `tested_at`, `employee_id`, `result`) VALUES ('144', 'hospital', '2023-09-08 06:00:00', '7', 'POSITIVE');
INSERT INTO `test` (`id`, `location`, `tested_at`, `employee_id`, `result`) VALUES ('145', 'hospital', '2023-09-08 06:00:00', '8', 'NEGATIVE');
INSERT INTO `test` (`id`, `location`, `tested_at`, `employee_id`, `result`) VALUES ('146', 'clinic', '2023-09-08 06:00:00', '10', 'NEGATIVE');
INSERT INTO `test` (`id`, `location`, `tested_at`, `employee_id`, `result`) VALUES ('147', 'onsite', '2023-09-08 06:00:00', '12', 'NEGATIVE');
INSERT INTO `test` (`id`, `location`, `tested_at`, `employee_id`, `result`) VALUES ('148', 'hospital', '2023-09-08 06:00:00', '13', 'NEGATIVE');
INSERT INTO `test` (`id`, `location`, `tested_at`, `employee_id`, `result`) VALUES ('149', 'onsite', '2023-09-08 06:00:00', '14', 'NEGATIVE');
INSERT INTO `test` (`id`, `location`, `tested_at`, `employee_id`, `result`) VALUES ('150', 'hospital', '2023-09-08 06:00:00', '16', 'NEGATIVE');
INSERT INTO `test` (`id`, `location`, `tested_at`, `employee_id`, `result`) VALUES ('151', 'clinic', '2023-09-08 06:00:00', '17', 'POSITIVE');
INSERT INTO `test` (`id`, `location`, `tested_at`, `employee_id`, `result`) VALUES ('152', 'hospital', '2023-09-08 06:00:00', '18', 'NEGATIVE');
INSERT INTO `test` (`id`, `location`, `tested_at`, `employee_id`, `result`) VALUES ('153', 'clinic', '2023-09-08 06:00:00', '19', 'NEGATIVE');
INSERT INTO `test` (`id`, `location`, `tested_at`, `employee_id`, `result`) VALUES ('154', 'clinic', '2023-09-08 06:00:00', '20', 'NEGATIVE');
INSERT INTO `test` (`id`, `location`, `tested_at`, `employee_id`, `result`) VALUES ('155', 'hospital', '2023-09-08 06:00:00', '22', 'NEGATIVE');
INSERT INTO `test` (`id`, `location`, `tested_at`, `employee_id`, `result`) VALUES ('156', 'hospital', '2023-09-08 06:00:00', '0', 'NEGATIVE');
INSERT INTO `test` (`id`, `location`, `tested_at`, `employee_id`, `result`) VALUES ('157', 'hospital', '2023-09-08 06:00:00', '5', 'NEGATIVE');
INSERT INTO `test` (`id`, `location`, `tested_at`, `employee_id`, `result`) VALUES ('158', 'hospital', '2023-09-08 06:00:00', '9', 'NEGATIVE');
INSERT INTO `test` (`id`, `location`, `tested_at`, `employee_id`, `result`) VALUES ('159', 'hospital', '2023-09-08 06:00:00', '11', 'NEGATIVE');
INSERT INTO `test` (`id`, `location`, `tested_at`, `employee_id`, `result`) VALUES ('160', 'hospital', '2023-09-08 06:00:00', '15', 'NEGATIVE');
INSERT INTO `test` (`id`, `location`, `tested_at`, `employee_id`, `result`) VALUES ('161', 'hospital', '2023-09-08 06:00:00', '21', 'NEGATIVE');
INSERT INTO `test` (`id`, `location`, `tested_at`, `employee_id`, `result`) VALUES ('162', 'hospital', '2023-09-08 06:00:00', '23', 'NEGATIVE');
INSERT INTO `test` (`id`, `location`, `tested_at`, `employee_id`, `result`) VALUES ('163', 'clinic', '2023-09-09 06:00:00', '1', 'NEGATIVE');
INSERT INTO `test` (`id`, `location`, `tested_at`, `employee_id`, `result`) VALUES ('164', 'hospital', '2023-09-09 06:00:00', '3', 'NEGATIVE');
INSERT INTO `test` (`id`, `location`, `tested_at`, `employee_id`, `result`) VALUES ('165', 'onsite', '2023-09-09 06:00:00', '4', 'NEGATIVE');
INSERT INTO `test` (`id`, `location`, `tested_at`, `employee_id`, `result`) VALUES ('166', 'onsite', '2023-09-09 06:00:00', '8', 'POSITIVE');
INSERT INTO `test` (`id`, `location`, `tested_at`, `employee_id`, `result`) VALUES ('167', 'onsite', '2023-09-09 06:00:00', '10', 'NEGATIVE');
INSERT INTO `test` (`id`, `location`, `tested_at`, `employee_id`, `result`) VALUES ('168', 'hospital', '2023-09-09 06:00:00', '12', 'NEGATIVE');
INSERT INTO `test` (`id`, `location`, `tested_at`, `employee_id`, `result`) VALUES ('169', 'onsite', '2023-09-09 06:00:00', '13', 'NEGATIVE');
INSERT INTO `test` (`id`, `location`, `tested_at`, `employee_id`, `result`) VALUES ('170', 'onsite', '2023-09-09 06:00:00', '14', 'NEGATIVE');
INSERT INTO `test` (`id`, `location`, `tested_at`, `employee_id`, `result`) VALUES ('171', 'clinic', '2023-09-09 06:00:00', '16', 'NEGATIVE');
INSERT INTO `test` (`id`, `location`, `tested_at`, `employee_id`, `result`) VALUES ('172', 'hospital', '2023-09-09 06:00:00', '18', 'NEGATIVE');
INSERT INTO `test` (`id`, `location`, `tested_at`, `employee_id`, `result`) VALUES ('173', 'onsite', '2023-09-09 06:00:00', '19', 'NEGATIVE');
INSERT INTO `test` (`id`, `location`, `tested_at`, `employee_id`, `result`) VALUES ('174', 'hospital', '2023-09-09 06:00:00', '20', 'NEGATIVE');
INSERT INTO `test` (`id`, `location`, `tested_at`, `employee_id`, `result`) VALUES ('175', 'clinic', '2023-09-09 06:00:00', '22', 'NEGATIVE');
INSERT INTO `test` (`id`, `location`, `tested_at`, `employee_id`, `result`) VALUES ('176', 'hospital', '2023-09-09 06:00:00', '7', 'NEGATIVE');
INSERT INTO `test` (`id`, `location`, `tested_at`, `employee_id`, `result`) VALUES ('177', 'hospital', '2023-09-09 06:00:00', '9', 'NEGATIVE');
INSERT INTO `test` (`id`, `location`, `tested_at`, `employee_id`, `result`) VALUES ('178', 'hospital', '2023-09-09 06:00:00', '11', 'NEGATIVE');
INSERT INTO `test` (`id`, `location`, `tested_at`, `employee_id`, `result`) VALUES ('179', 'hospital', '2023-09-09 06:00:00', '15', 'NEGATIVE');
INSERT INTO `test` (`id`, `location`, `tested_at`, `employee_id`, `result`) VALUES ('180', 'hospital', '2023-09-09 06:00:00', '17', 'NEGATIVE');
INSERT INTO `test` (`id`, `location`, `tested_at`, `employee_id`, `result`) VALUES ('181', 'hospital', '2023-09-09 06:00:00', '21', 'NEGATIVE');
INSERT INTO `test` (`id`, `location`, `tested_at`, `employee_id`, `result`) VALUES ('182', 'hospital', '2023-09-09 06:00:00', '23', 'NEGATIVE');
INSERT INTO `test` (`id`, `location`, `tested_at`, `employee_id`, `result`) VALUES ('183', 'onsite', '2023-09-10 06:00:00', '1', 'POSITIVE');
INSERT INTO `test` (`id`, `location`, `tested_at`, `employee_id`, `result`) VALUES ('184', 'clinic', '2023-09-10 06:00:00', '3', 'NEGATIVE');
INSERT INTO `test` (`id`, `location`, `tested_at`, `employee_id`, `result`) VALUES ('185', 'hospital', '2023-09-10 06:00:00', '4', 'NEGATIVE');
INSERT INTO `test` (`id`, `location`, `tested_at`, `employee_id`, `result`) VALUES ('186', 'hospital', '2023-09-10 06:00:00', '10', 'NEGATIVE');
INSERT INTO `test` (`id`, `location`, `tested_at`, `employee_id`, `result`) VALUES ('187', 'clinic', '2023-09-10 06:00:00', '12', 'NEGATIVE');
INSERT INTO `test` (`id`, `location`, `tested_at`, `employee_id`, `result`) VALUES ('188', 'onsite', '2023-09-10 06:00:00', '13', 'NEGATIVE');
INSERT INTO `test` (`id`, `location`, `tested_at`, `employee_id`, `result`) VALUES ('189', 'onsite', '2023-09-10 06:00:00', '14', 'NEGATIVE');
INSERT INTO `test` (`id`, `location`, `tested_at`, `employee_id`, `result`) VALUES ('190', 'onsite', '2023-09-10 06:00:00', '16', 'POSITIVE');
INSERT INTO `test` (`id`, `location`, `tested_at`, `employee_id`, `result`) VALUES ('191', 'clinic', '2023-09-10 06:00:00', '18', 'NEGATIVE');
INSERT INTO `test` (`id`, `location`, `tested_at`, `employee_id`, `result`) VALUES ('192', 'clinic', '2023-09-10 06:00:00', '19', 'NEGATIVE');
INSERT INTO `test` (`id`, `location`, `tested_at`, `employee_id`, `result`) VALUES ('193', 'hospital', '2023-09-10 06:00:00', '20', 'POSITIVE');
INSERT INTO `test` (`id`, `location`, `tested_at`, `employee_id`, `result`) VALUES ('194', 'hospital', '2023-09-10 06:00:00', '22', 'POSITIVE');
INSERT INTO `test` (`id`, `location`, `tested_at`, `employee_id`, `result`) VALUES ('195', 'hospital', '2023-09-10 06:00:00', '7', 'NEGATIVE');
INSERT INTO `test` (`id`, `location`, `tested_at`, `employee_id`, `result`) VALUES ('196', 'hospital', '2023-09-10 06:00:00', '9', 'NEGATIVE');
INSERT INTO `test` (`id`, `location`, `tested_at`, `employee_id`, `result`) VALUES ('197', 'hospital', '2023-09-10 06:00:00', '11', 'NEGATIVE');
INSERT INTO `test` (`id`, `location`, `tested_at`, `employee_id`, `result`) VALUES ('198', 'hospital', '2023-09-10 06:00:00', '17', 'NEGATIVE');
INSERT INTO `test` (`id`, `location`, `tested_at`, `employee_id`, `result`) VALUES ('199', 'hospital', '2023-09-10 06:00:00', '23', 'NEGATIVE');
INSERT INTO `test` (`id`, `location`, `tested_at`, `employee_id`, `result`) VALUES ('200', 'hospital', '2023-09-10 06:00:00', '24', 'NEGATIVE');
INSERT INTO `test` (`id`, `location`, `tested_at`, `employee_id`, `result`) VALUES ('201', 'clinic', '2023-09-11 06:00:00', '2', 'NEGATIVE');
INSERT INTO `test` (`id`, `location`, `tested_at`, `employee_id`, `result`) VALUES ('202', 'hospital', '2023-09-11 06:00:00', '3', 'NEGATIVE');
INSERT INTO `test` (`id`, `location`, `tested_at`, `employee_id`, `result`) VALUES ('203', 'hospital', '2023-09-11 06:00:00', '4', 'NEGATIVE');
INSERT INTO `test` (`id`, `location`, `tested_at`, `employee_id`, `result`) VALUES ('204', 'onsite', '2023-09-11 06:00:00', '8', 'POSITIVE');
INSERT INTO `test` (`id`, `location`, `tested_at`, `employee_id`, `result`) VALUES ('205', 'hospital', '2023-09-11 06:00:00', '10', 'NEGATIVE');
INSERT INTO `test` (`id`, `location`, `tested_at`, `employee_id`, `result`) VALUES ('206', 'clinic', '2023-09-11 06:00:00', '12', 'NEGATIVE');
INSERT INTO `test` (`id`, `location`, `tested_at`, `employee_id`, `result`) VALUES ('207', 'onsite', '2023-09-11 06:00:00', '13', 'NEGATIVE');
INSERT INTO `test` (`id`, `location`, `tested_at`, `employee_id`, `result`) VALUES ('208', 'clinic', '2023-09-11 06:00:00', '14', 'NEGATIVE');
INSERT INTO `test` (`id`, `location`, `tested_at`, `employee_id`, `result`) VALUES ('209', 'hospital', '2023-09-11 06:00:00', '16', 'NEGATIVE');
INSERT INTO `test` (`id`, `location`, `tested_at`, `employee_id`, `result`) VALUES ('210', 'hospital', '2023-09-11 06:00:00', '18', 'POSITIVE');
INSERT INTO `test` (`id`, `location`, `tested_at`, `employee_id`, `result`) VALUES ('211', 'onsite', '2023-09-11 06:00:00', '19', 'NEGATIVE');
INSERT INTO `test` (`id`, `location`, `tested_at`, `employee_id`, `result`) VALUES ('212', 'hospital', '2023-09-11 06:00:00', '20', 'NEGATIVE');
INSERT INTO `test` (`id`, `location`, `tested_at`, `employee_id`, `result`) VALUES ('213', 'onsite', '2023-09-11 06:00:00', '22', 'NEGATIVE');
INSERT INTO `test` (`id`, `location`, `tested_at`, `employee_id`, `result`) VALUES ('214', 'hospital', '2023-09-11 06:00:00', '2', 'NEGATIVE');
INSERT INTO `test` (`id`, `location`, `tested_at`, `employee_id`, `result`) VALUES ('215', 'hospital', '2023-09-11 06:00:00', '7', 'NEGATIVE');
INSERT INTO `test` (`id`, `location`, `tested_at`, `employee_id`, `result`) VALUES ('216', 'hospital', '2023-09-11 06:00:00', '9', 'NEGATIVE');
INSERT INTO `test` (`id`, `location`, `tested_at`, `employee_id`, `result`) VALUES ('217', 'hospital', '2023-09-11 06:00:00', '17', 'NEGATIVE');
INSERT INTO `test` (`id`, `location`, `tested_at`, `employee_id`, `result`) VALUES ('218', 'hospital', '2023-09-11 06:00:00', '23', 'NEGATIVE');
INSERT INTO `test` (`id`, `location`, `tested_at`, `employee_id`, `result`) VALUES ('219', 'hospital', '2023-09-11 06:00:00', '24', 'NEGATIVE');
INSERT INTO `test` (`id`, `location`, `tested_at`, `employee_id`, `result`) VALUES ('220', 'onsite', '2023-09-12 06:00:00', '1', 'NEGATIVE');
INSERT INTO `test` (`id`, `location`, `tested_at`, `employee_id`, `result`) VALUES ('221', 'clinic', '2023-09-12 06:00:00', '2', 'NEGATIVE');
INSERT INTO `test` (`id`, `location`, `tested_at`, `employee_id`, `result`) VALUES ('222', 'clinic', '2023-09-12 06:00:00', '3', 'NEGATIVE');
INSERT INTO `test` (`id`, `location`, `tested_at`, `employee_id`, `result`) VALUES ('223', 'hospital', '2023-09-12 06:00:00', '4', 'NEGATIVE');
INSERT INTO `test` (`id`, `location`, `tested_at`, `employee_id`, `result`) VALUES ('224', 'onsite', '2023-09-12 06:00:00', '10', 'NEGATIVE');
INSERT INTO `test` (`id`, `location`, `tested_at`, `employee_id`, `result`) VALUES ('225', 'hospital', '2023-09-12 06:00:00', '12', 'POSITIVE');
INSERT INTO `test` (`id`, `location`, `tested_at`, `employee_id`, `result`) VALUES ('226', 'hospital', '2023-09-12 06:00:00', '13', 'NEGATIVE');
INSERT INTO `test` (`id`, `location`, `tested_at`, `employee_id`, `result`) VALUES ('227', 'clinic', '2023-09-12 06:00:00', '14', 'NEGATIVE');
INSERT INTO `test` (`id`, `location`, `tested_at`, `employee_id`, `result`) VALUES ('228', 'clinic', '2023-09-12 06:00:00', '16', 'NEGATIVE');
INSERT INTO `test` (`id`, `location`, `tested_at`, `employee_id`, `result`) VALUES ('229', 'clinic', '2023-09-12 06:00:00', '19', 'NEGATIVE');
INSERT INTO `test` (`id`, `location`, `tested_at`, `employee_id`, `result`) VALUES ('230', 'clinic', '2023-09-12 06:00:00', '20', 'NEGATIVE');
INSERT INTO `test` (`id`, `location`, `tested_at`, `employee_id`, `result`) VALUES ('231', 'clinic', '2023-09-12 06:00:00', '22', 'NEGATIVE');
INSERT INTO `test` (`id`, `location`, `tested_at`, `employee_id`, `result`) VALUES ('232', 'hospital', '2023-09-12 06:00:00', '9', 'NEGATIVE');
INSERT INTO `test` (`id`, `location`, `tested_at`, `employee_id`, `result`) VALUES ('233', 'hospital', '2023-09-12 06:00:00', '23', 'NEGATIVE');
INSERT INTO `test` (`id`, `location`, `tested_at`, `employee_id`, `result`) VALUES ('234', 'hospital', '2023-09-12 06:00:00', '24', 'NEGATIVE');
INSERT INTO `test` (`id`, `location`, `tested_at`, `employee_id`, `result`) VALUES ('235', 'clinic', '2023-09-13 06:00:00', '1', 'NEGATIVE');
INSERT INTO `test` (`id`, `location`, `tested_at`, `employee_id`, `result`) VALUES ('236', 'onsite', '2023-09-13 06:00:00', '2', 'NEGATIVE');
INSERT INTO `test` (`id`, `location`, `tested_at`, `employee_id`, `result`) VALUES ('237', 'hospital', '2023-09-13 06:00:00', '3', 'NEGATIVE');
INSERT INTO `test` (`id`, `location`, `tested_at`, `employee_id`, `result`) VALUES ('238', 'hospital', '2023-09-13 06:00:00', '4', 'NEGATIVE');
INSERT INTO `test` (`id`, `location`, `tested_at`, `employee_id`, `result`) VALUES ('239', 'clinic', '2023-09-13 06:00:00', '10', 'NEGATIVE');
INSERT INTO `test` (`id`, `location`, `tested_at`, `employee_id`, `result`) VALUES ('240', 'clinic', '2023-09-13 06:00:00', '13', 'NEGATIVE');
INSERT INTO `test` (`id`, `location`, `tested_at`, `employee_id`, `result`) VALUES ('241', 'onsite', '2023-09-13 06:00:00', '14', 'NEGATIVE');
INSERT INTO `test` (`id`, `location`, `tested_at`, `employee_id`, `result`) VALUES ('242', 'clinic', '2023-09-13 06:00:00', '16', 'NEGATIVE');
INSERT INTO `test` (`id`, `location`, `tested_at`, `employee_id`, `result`) VALUES ('243', 'hospital', '2023-09-13 06:00:00', '19', 'NEGATIVE');
INSERT INTO `test` (`id`, `location`, `tested_at`, `employee_id`, `result`) VALUES ('244', 'clinic', '2023-09-13 06:00:00', '20', 'NEGATIVE');
INSERT INTO `test` (`id`, `location`, `tested_at`, `employee_id`, `result`) VALUES ('245', 'clinic', '2023-09-13 06:00:00', '22', 'NEGATIVE');
INSERT INTO `test` (`id`, `location`, `tested_at`, `employee_id`, `result`) VALUES ('246', 'hospital', '2023-09-13 06:00:00', '8', 'NEGATIVE');
INSERT INTO `test` (`id`, `location`, `tested_at`, `employee_id`, `result`) VALUES ('247', 'hospital', '2023-09-13 06:00:00', '23', 'NEGATIVE');
INSERT INTO `test` (`id`, `location`, `tested_at`, `employee_id`, `result`) VALUES ('248', 'hospital', '2023-09-13 06:00:00', '24', 'NEGATIVE');
INSERT INTO `test` (`id`, `location`, `tested_at`, `employee_id`, `result`) VALUES ('249', 'clinic', '2023-09-14 06:00:00', '1', 'NEGATIVE');
INSERT INTO `test` (`id`, `location`, `tested_at`, `employee_id`, `result`) VALUES ('250', 'clinic', '2023-09-14 06:00:00', '2', 'NEGATIVE');
INSERT INTO `test` (`id`, `location`, `tested_at`, `employee_id`, `result`) VALUES ('251', 'clinic', '2023-09-14 06:00:00', '3', 'NEGATIVE');
INSERT INTO `test` (`id`, `location`, `tested_at`, `employee_id`, `result`) VALUES ('252', 'onsite', '2023-09-14 06:00:00', '4', 'NEGATIVE');
INSERT INTO `test` (`id`, `location`, `tested_at`, `employee_id`, `result`) VALUES ('253', 'clinic', '2023-09-14 06:00:00', '10', 'NEGATIVE');
INSERT INTO `test` (`id`, `location`, `tested_at`, `employee_id`, `result`) VALUES ('254', 'onsite', '2023-09-14 06:00:00', '13', 'NEGATIVE');
INSERT INTO `test` (`id`, `location`, `tested_at`, `employee_id`, `result`) VALUES ('255', 'clinic', '2023-09-14 06:00:00', '14', 'NEGATIVE');
INSERT INTO `test` (`id`, `location`, `tested_at`, `employee_id`, `result`) VALUES ('256', 'clinic', '2023-09-14 06:00:00', '16', 'NEGATIVE');
INSERT INTO `test` (`id`, `location`, `tested_at`, `employee_id`, `result`) VALUES ('257', 'onsite', '2023-09-14 06:00:00', '19', 'POSITIVE');
INSERT INTO `test` (`id`, `location`, `tested_at`, `employee_id`, `result`) VALUES ('258', 'onsite', '2023-09-14 06:00:00', '20', 'NEGATIVE');
INSERT INTO `test` (`id`, `location`, `tested_at`, `employee_id`, `result`) VALUES ('259', 'onsite', '2023-09-14 06:00:00', '22', 'NEGATIVE');
INSERT INTO `test` (`id`, `location`, `tested_at`, `employee_id`, `result`) VALUES ('260', 'hospital', '2023-09-14 06:00:00', '24', 'NEGATIVE');
INSERT INTO `test` (`id`, `location`, `tested_at`, `employee_id`, `result`) VALUES ('261', 'hospital', '2023-09-14 06:00:00', '8', 'NEGATIVE');
INSERT INTO `test` (`id`, `location`, `tested_at`, `employee_id`, `result`) VALUES ('262', 'hospital', '2023-09-15 06:00:00', '1', 'NEGATIVE');
INSERT INTO `test` (`id`, `location`, `tested_at`, `employee_id`, `result`) VALUES ('263', 'clinic', '2023-09-15 06:00:00', '2', 'NEGATIVE');
INSERT INTO `test` (`id`, `location`, `tested_at`, `employee_id`, `result`) VALUES ('264', 'clinic', '2023-09-15 06:00:00', '3', 'NEGATIVE');
INSERT INTO `test` (`id`, `location`, `tested_at`, `employee_id`, `result`) VALUES ('265', 'hospital', '2023-09-15 06:00:00', '4', 'NEGATIVE');
INSERT INTO `test` (`id`, `location`, `tested_at`, `employee_id`, `result`) VALUES ('266', 'clinic', '2023-09-15 06:00:00', '10', 'NEGATIVE');
INSERT INTO `test` (`id`, `location`, `tested_at`, `employee_id`, `result`) VALUES ('267', 'onsite', '2023-09-15 06:00:00', '13', 'NEGATIVE');
INSERT INTO `test` (`id`, `location`, `tested_at`, `employee_id`, `result`) VALUES ('268', 'clinic', '2023-09-15 06:00:00', '14', 'POSITIVE');
INSERT INTO `test` (`id`, `location`, `tested_at`, `employee_id`, `result`) VALUES ('269', 'hospital', '2023-09-15 06:00:00', '16', 'POSITIVE');
INSERT INTO `test` (`id`, `location`, `tested_at`, `employee_id`, `result`) VALUES ('270', 'onsite', '2023-09-15 06:00:00', '20', 'POSITIVE');
INSERT INTO `test` (`id`, `location`, `tested_at`, `employee_id`, `result`) VALUES ('271', 'onsite', '2023-09-15 06:00:00', '22', 'NEGATIVE');
INSERT INTO `test` (`id`, `location`, `tested_at`, `employee_id`, `result`) VALUES ('272', 'hospital', '2023-09-15 06:00:00', '8', 'NEGATIVE');
INSERT INTO `test` (`id`, `location`, `tested_at`, `employee_id`, `result`) VALUES ('273', 'hospital', '2023-09-15 06:00:00', '18', 'NEGATIVE');
INSERT INTO `test` (`id`, `location`, `tested_at`, `employee_id`, `result`) VALUES ('274', 'hospital', '2023-09-15 06:00:00', '24', 'NEGATIVE');

INSERT INTO `notification` (`id`, `employee_id`, `test_id`, `sent_at`, `type`) VALUES ('0', '1', '0', '2023-09-02 06:00:00', 'MANDATORY');
INSERT INTO `notification` (`id`, `employee_id`, `test_id`, `sent_at`, `type`) VALUES ('1', '19', '0', '2023-09-02 06:00:00', 'MANDATORY');
INSERT INTO `notification` (`id`, `employee_id`, `test_id`, `sent_at`, `type`) VALUES ('8', '17', '15', '2023-09-02 06:00:00', 'MANDATORY');
INSERT INTO `notification` (`id`, `employee_id`, `test_id`, `sent_at`, `type`) VALUES ('9', '18', '15', '2023-09-02 06:00:00', 'MANDATORY');
INSERT INTO `notification` (`id`, `employee_id`, `test_id`, `sent_at`, `type`) VALUES ('14', '13', '22', '2023-09-02 06:00:00', 'MANDATORY');
INSERT INTO `notification` (`id`, `employee_id`, `test_id`, `sent_at`, `type`) VALUES ('15', '14', '22', '2023-09-02 06:00:00', 'MANDATORY');
INSERT INTO `notification` (`id`, `employee_id`, `test_id`, `sent_at`, `type`) VALUES ('2', '19', '0', '2023-09-02 02:00:00', 'OPTIONAL');
INSERT INTO `notification` (`id`, `employee_id`, `test_id`, `sent_at`, `type`) VALUES ('3', '18', '5', '2023-09-02 02:00:00', 'OPTIONAL');
INSERT INTO `notification` (`id`, `employee_id`, `test_id`, `sent_at`, `type`) VALUES ('4', '2', '5', '2023-09-02 02:00:00', 'OPTIONAL');
INSERT INTO `notification` (`id`, `employee_id`, `test_id`, `sent_at`, `type`) VALUES ('5', '11', '5', '2023-09-02 02:00:00', 'OPTIONAL');
INSERT INTO `notification` (`id`, `employee_id`, `test_id`, `sent_at`, `type`) VALUES ('6', '4', '6', '2023-09-02 02:00:00', 'OPTIONAL');
INSERT INTO `notification` (`id`, `employee_id`, `test_id`, `sent_at`, `type`) VALUES ('7', '16', '9', '2023-09-02 02:00:00', 'OPTIONAL');
INSERT INTO `notification` (`id`, `employee_id`, `test_id`, `sent_at`, `type`) VALUES ('10', '3', '15', '2023-09-02 02:00:00', 'OPTIONAL');
INSERT INTO `notification` (`id`, `employee_id`, `test_id`, `sent_at`, `type`) VALUES ('11', '12', '15', '2023-09-02 02:00:00', 'OPTIONAL');
INSERT INTO `notification` (`id`, `employee_id`, `test_id`, `sent_at`, `type`) VALUES ('12', '23', '15', '2023-09-02 02:00:00', 'OPTIONAL');
INSERT INTO `notification` (`id`, `employee_id`, `test_id`, `sent_at`, `type`) VALUES ('13', '24', '15', '2023-09-02 02:00:00', 'OPTIONAL');
INSERT INTO `notification` (`id`, `employee_id`, `test_id`, `sent_at`, `type`) VALUES ('16', '8', '22', '2023-09-02 02:00:00', 'OPTIONAL');
INSERT INTO `notification` (`id`, `employee_id`, `test_id`, `sent_at`, `type`) VALUES ('17', '17', '22', '2023-09-02 02:00:00', 'OPTIONAL');
INSERT INTO `notification` (`id`, `employee_id`, `test_id`, `sent_at`, `type`) VALUES ('18', '7', '22', '2023-09-02 02:00:00', 'OPTIONAL');
INSERT INTO `notification` (`id`, `employee_id`, `test_id`, `sent_at`, `type`) VALUES ('19', '8', '42', '2023-09-03 06:00:00', 'MANDATORY');
INSERT INTO `notification` (`id`, `employee_id`, `test_id`, `sent_at`, `type`) VALUES ('20', '3', '42', '2023-09-03 06:00:00', 'MANDATORY');
INSERT INTO `notification` (`id`, `employee_id`, `test_id`, `sent_at`, `type`) VALUES ('25', '10', '43', '2023-09-03 06:00:00', 'MANDATORY');
INSERT INTO `notification` (`id`, `employee_id`, `test_id`, `sent_at`, `type`) VALUES ('26', '2', '43', '2023-09-03 06:00:00', 'MANDATORY');
INSERT INTO `notification` (`id`, `employee_id`, `test_id`, `sent_at`, `type`) VALUES ('27', '20', '43', '2023-09-03 06:00:00', 'MANDATORY');
INSERT INTO `notification` (`id`, `employee_id`, `test_id`, `sent_at`, `type`) VALUES ('28', '7', '43', '2023-09-03 06:00:00', 'MANDATORY');
INSERT INTO `notification` (`id`, `employee_id`, `test_id`, `sent_at`, `type`) VALUES ('21', '3', '42', '2023-09-03 02:00:00', 'OPTIONAL');
INSERT INTO `notification` (`id`, `employee_id`, `test_id`, `sent_at`, `type`) VALUES ('22', '12', '42', '2023-09-03 02:00:00', 'OPTIONAL');
INSERT INTO `notification` (`id`, `employee_id`, `test_id`, `sent_at`, `type`) VALUES ('23', '15', '42', '2023-09-03 02:00:00', 'OPTIONAL');
INSERT INTO `notification` (`id`, `employee_id`, `test_id`, `sent_at`, `type`) VALUES ('24', '24', '42', '2023-09-03 02:00:00', 'OPTIONAL');
INSERT INTO `notification` (`id`, `employee_id`, `test_id`, `sent_at`, `type`) VALUES ('29', '3', '43', '2023-09-03 02:00:00', 'OPTIONAL');
INSERT INTO `notification` (`id`, `employee_id`, `test_id`, `sent_at`, `type`) VALUES ('30', '12', '43', '2023-09-03 02:00:00', 'OPTIONAL');
INSERT INTO `notification` (`id`, `employee_id`, `test_id`, `sent_at`, `type`) VALUES ('31', '15', '43', '2023-09-03 02:00:00', 'OPTIONAL');
INSERT INTO `notification` (`id`, `employee_id`, `test_id`, `sent_at`, `type`) VALUES ('32', '23', '43', '2023-09-03 02:00:00', 'OPTIONAL');
INSERT INTO `notification` (`id`, `employee_id`, `test_id`, `sent_at`, `type`) VALUES ('33', '8', '51', '2023-09-04 06:00:00', 'MANDATORY');
INSERT INTO `notification` (`id`, `employee_id`, `test_id`, `sent_at`, `type`) VALUES ('34', '16', '51', '2023-09-04 06:00:00', 'MANDATORY');
INSERT INTO `notification` (`id`, `employee_id`, `test_id`, `sent_at`, `type`) VALUES ('35', '10', '51', '2023-09-04 06:00:00', 'MANDATORY');
INSERT INTO `notification` (`id`, `employee_id`, `test_id`, `sent_at`, `type`) VALUES ('36', '18', '51', '2023-09-04 02:00:00', 'OPTIONAL');
INSERT INTO `notification` (`id`, `employee_id`, `test_id`, `sent_at`, `type`) VALUES ('37', '2', '51', '2023-09-04 02:00:00', 'OPTIONAL');
INSERT INTO `notification` (`id`, `employee_id`, `test_id`, `sent_at`, `type`) VALUES ('38', '5', '51', '2023-09-04 02:00:00', 'OPTIONAL');
INSERT INTO `notification` (`id`, `employee_id`, `test_id`, `sent_at`, `type`) VALUES ('39', '1', '60', '2023-09-04 02:00:00', 'OPTIONAL');
INSERT INTO `notification` (`id`, `employee_id`, `test_id`, `sent_at`, `type`) VALUES ('40', '10', '60', '2023-09-04 02:00:00', 'OPTIONAL');
INSERT INTO `notification` (`id`, `employee_id`, `test_id`, `sent_at`, `type`) VALUES ('41', '14', '60', '2023-09-04 02:00:00', 'OPTIONAL');
INSERT INTO `notification` (`id`, `employee_id`, `test_id`, `sent_at`, `type`) VALUES ('42', '10', '69', '2023-09-05 06:00:00', 'MANDATORY');
INSERT INTO `notification` (`id`, `employee_id`, `test_id`, `sent_at`, `type`) VALUES ('43', '14', '69', '2023-09-05 06:00:00', 'MANDATORY');
INSERT INTO `notification` (`id`, `employee_id`, `test_id`, `sent_at`, `type`) VALUES ('44', '16', '69', '2023-09-05 06:00:00', 'MANDATORY');
INSERT INTO `notification` (`id`, `employee_id`, `test_id`, `sent_at`, `type`) VALUES ('45', '18', '69', '2023-09-05 06:00:00', 'MANDATORY');
INSERT INTO `notification` (`id`, `employee_id`, `test_id`, `sent_at`, `type`) VALUES ('46', '19', '69', '2023-09-05 06:00:00', 'MANDATORY');
INSERT INTO `notification` (`id`, `employee_id`, `test_id`, `sent_at`, `type`) VALUES ('47', '20', '69', '2023-09-05 06:00:00', 'MANDATORY');
INSERT INTO `notification` (`id`, `employee_id`, `test_id`, `sent_at`, `type`) VALUES ('48', '22', '69', '2023-09-05 06:00:00', 'MANDATORY');
INSERT INTO `notification` (`id`, `employee_id`, `test_id`, `sent_at`, `type`) VALUES ('49', '1', '70', '2023-09-05 06:00:00', 'MANDATORY');
INSERT INTO `notification` (`id`, `employee_id`, `test_id`, `sent_at`, `type`) VALUES ('50', '13', '70', '2023-09-05 06:00:00', 'MANDATORY');
INSERT INTO `notification` (`id`, `employee_id`, `test_id`, `sent_at`, `type`) VALUES ('51', '18', '70', '2023-09-05 06:00:00', 'MANDATORY');
INSERT INTO `notification` (`id`, `employee_id`, `test_id`, `sent_at`, `type`) VALUES ('52', '20', '70', '2023-09-05 06:00:00', 'MANDATORY');
INSERT INTO `notification` (`id`, `employee_id`, `test_id`, `sent_at`, `type`) VALUES ('53', '22', '70', '2023-09-05 06:00:00', 'MANDATORY');
INSERT INTO `notification` (`id`, `employee_id`, `test_id`, `sent_at`, `type`) VALUES ('57', '1', '75', '2023-09-05 06:00:00', 'MANDATORY');
INSERT INTO `notification` (`id`, `employee_id`, `test_id`, `sent_at`, `type`) VALUES ('58', '2', '75', '2023-09-05 06:00:00', 'MANDATORY');
INSERT INTO `notification` (`id`, `employee_id`, `test_id`, `sent_at`, `type`) VALUES ('59', '3', '75', '2023-09-05 06:00:00', 'MANDATORY');
INSERT INTO `notification` (`id`, `employee_id`, `test_id`, `sent_at`, `type`) VALUES ('60', '12', '75', '2023-09-05 06:00:00', 'MANDATORY');
INSERT INTO `notification` (`id`, `employee_id`, `test_id`, `sent_at`, `type`) VALUES ('61', '13', '75', '2023-09-05 06:00:00', 'MANDATORY');
INSERT INTO `notification` (`id`, `employee_id`, `test_id`, `sent_at`, `type`) VALUES ('62', '14', '75', '2023-09-05 06:00:00', 'MANDATORY');
INSERT INTO `notification` (`id`, `employee_id`, `test_id`, `sent_at`, `type`) VALUES ('63', '16', '75', '2023-09-05 06:00:00', 'MANDATORY');
INSERT INTO `notification` (`id`, `employee_id`, `test_id`, `sent_at`, `type`) VALUES ('64', '24', '75', '2023-09-05 06:00:00', 'MANDATORY');
INSERT INTO `notification` (`id`, `employee_id`, `test_id`, `sent_at`, `type`) VALUES ('54', '1', '70', '2023-09-05 02:00:00', 'OPTIONAL');
INSERT INTO `notification` (`id`, `employee_id`, `test_id`, `sent_at`, `type`) VALUES ('55', '10', '70', '2023-09-05 02:00:00', 'OPTIONAL');
INSERT INTO `notification` (`id`, `employee_id`, `test_id`, `sent_at`, `type`) VALUES ('56', '21', '70', '2023-09-05 02:00:00', 'OPTIONAL');
INSERT INTO `notification` (`id`, `employee_id`, `test_id`, `sent_at`, `type`) VALUES ('65', '2', '80', '2023-09-06 06:00:00', 'MANDATORY');
INSERT INTO `notification` (`id`, `employee_id`, `test_id`, `sent_at`, `type`) VALUES ('66', '8', '80', '2023-09-06 06:00:00', 'MANDATORY');
INSERT INTO `notification` (`id`, `employee_id`, `test_id`, `sent_at`, `type`) VALUES ('67', '10', '80', '2023-09-06 06:00:00', 'MANDATORY');
INSERT INTO `notification` (`id`, `employee_id`, `test_id`, `sent_at`, `type`) VALUES ('68', '12', '80', '2023-09-06 06:00:00', 'MANDATORY');
INSERT INTO `notification` (`id`, `employee_id`, `test_id`, `sent_at`, `type`) VALUES ('69', '16', '80', '2023-09-06 06:00:00', 'MANDATORY');
INSERT INTO `notification` (`id`, `employee_id`, `test_id`, `sent_at`, `type`) VALUES ('70', '24', '80', '2023-09-06 06:00:00', 'MANDATORY');
INSERT INTO `notification` (`id`, `employee_id`, `test_id`, `sent_at`, `type`) VALUES ('74', '2', '87', '2023-09-06 06:00:00', 'MANDATORY');
INSERT INTO `notification` (`id`, `employee_id`, `test_id`, `sent_at`, `type`) VALUES ('75', '3', '87', '2023-09-06 06:00:00', 'MANDATORY');
INSERT INTO `notification` (`id`, `employee_id`, `test_id`, `sent_at`, `type`) VALUES ('76', '12', '87', '2023-09-06 06:00:00', 'MANDATORY');
INSERT INTO `notification` (`id`, `employee_id`, `test_id`, `sent_at`, `type`) VALUES ('77', '16', '87', '2023-09-06 06:00:00', 'MANDATORY');
INSERT INTO `notification` (`id`, `employee_id`, `test_id`, `sent_at`, `type`) VALUES ('78', '18', '87', '2023-09-06 06:00:00', 'MANDATORY');
INSERT INTO `notification` (`id`, `employee_id`, `test_id`, `sent_at`, `type`) VALUES ('71', '8', '80', '2023-09-06 02:00:00', 'OPTIONAL');
INSERT INTO `notification` (`id`, `employee_id`, `test_id`, `sent_at`, `type`) VALUES ('72', '17', '80', '2023-09-06 02:00:00', 'OPTIONAL');
INSERT INTO `notification` (`id`, `employee_id`, `test_id`, `sent_at`, `type`) VALUES ('73', '22', '80', '2023-09-06 02:00:00', 'OPTIONAL');
INSERT INTO `notification` (`id`, `employee_id`, `test_id`, `sent_at`, `type`) VALUES ('79', '8', '87', '2023-09-06 02:00:00', 'OPTIONAL');
INSERT INTO `notification` (`id`, `employee_id`, `test_id`, `sent_at`, `type`) VALUES ('80', '22', '87', '2023-09-06 02:00:00', 'OPTIONAL');
INSERT INTO `notification` (`id`, `employee_id`, `test_id`, `sent_at`, `type`) VALUES ('81', '7', '87', '2023-09-06 02:00:00', 'OPTIONAL');
INSERT INTO `notification` (`id`, `employee_id`, `test_id`, `sent_at`, `type`) VALUES ('82', '2', '99', '2023-09-07 06:00:00', 'MANDATORY');
INSERT INTO `notification` (`id`, `employee_id`, `test_id`, `sent_at`, `type`) VALUES ('83', '4', '99', '2023-09-07 06:00:00', 'MANDATORY');
INSERT INTO `notification` (`id`, `employee_id`, `test_id`, `sent_at`, `type`) VALUES ('84', '13', '99', '2023-09-07 06:00:00', 'MANDATORY');
INSERT INTO `notification` (`id`, `employee_id`, `test_id`, `sent_at`, `type`) VALUES ('85', '14', '99', '2023-09-07 06:00:00', 'MANDATORY');
INSERT INTO `notification` (`id`, `employee_id`, `test_id`, `sent_at`, `type`) VALUES ('86', '16', '99', '2023-09-07 06:00:00', 'MANDATORY');
INSERT INTO `notification` (`id`, `employee_id`, `test_id`, `sent_at`, `type`) VALUES ('87', '18', '99', '2023-09-07 06:00:00', 'MANDATORY');
INSERT INTO `notification` (`id`, `employee_id`, `test_id`, `sent_at`, `type`) VALUES ('88', '19', '99', '2023-09-07 06:00:00', 'MANDATORY');
INSERT INTO `notification` (`id`, `employee_id`, `test_id`, `sent_at`, `type`) VALUES ('89', '20', '99', '2023-09-07 06:00:00', 'MANDATORY');
INSERT INTO `notification` (`id`, `employee_id`, `test_id`, `sent_at`, `type`) VALUES ('90', '10', '99', '2023-09-07 02:00:00', 'OPTIONAL');
INSERT INTO `notification` (`id`, `employee_id`, `test_id`, `sent_at`, `type`) VALUES ('91', '21', '99', '2023-09-07 02:00:00', 'OPTIONAL');
INSERT INTO `notification` (`id`, `employee_id`, `test_id`, `sent_at`, `type`) VALUES ('92', '14', '99', '2023-09-07 02:00:00', 'OPTIONAL');
INSERT INTO `notification` (`id`, `employee_id`, `test_id`, `sent_at`, `type`) VALUES ('93', '3', '113', '2023-09-07 02:00:00', 'OPTIONAL');
INSERT INTO `notification` (`id`, `employee_id`, `test_id`, `sent_at`, `type`) VALUES ('94', '12', '113', '2023-09-07 02:00:00', 'OPTIONAL');
INSERT INTO `notification` (`id`, `employee_id`, `test_id`, `sent_at`, `type`) VALUES ('95', '15', '113', '2023-09-07 02:00:00', 'OPTIONAL');
INSERT INTO `notification` (`id`, `employee_id`, `test_id`, `sent_at`, `type`) VALUES ('96', '23', '113', '2023-09-07 02:00:00', 'OPTIONAL');
INSERT INTO `notification` (`id`, `employee_id`, `test_id`, `sent_at`, `type`) VALUES ('97', '1', '120', '2023-09-08 06:00:00', 'MANDATORY');
INSERT INTO `notification` (`id`, `employee_id`, `test_id`, `sent_at`, `type`) VALUES ('98', '3', '120', '2023-09-08 06:00:00', 'MANDATORY');
INSERT INTO `notification` (`id`, `employee_id`, `test_id`, `sent_at`, `type`) VALUES ('99', '16', '120', '2023-09-08 06:00:00', 'MANDATORY');
INSERT INTO `notification` (`id`, `employee_id`, `test_id`, `sent_at`, `type`) VALUES ('100', '17', '120', '2023-09-08 06:00:00', 'MANDATORY');
INSERT INTO `notification` (`id`, `employee_id`, `test_id`, `sent_at`, `type`) VALUES ('101', '18', '120', '2023-09-08 06:00:00', 'MANDATORY');
INSERT INTO `notification` (`id`, `employee_id`, `test_id`, `sent_at`, `type`) VALUES ('102', '19', '120', '2023-09-08 06:00:00', 'MANDATORY');
INSERT INTO `notification` (`id`, `employee_id`, `test_id`, `sent_at`, `type`) VALUES ('106', '3', '124', '2023-09-08 06:00:00', 'MANDATORY');
INSERT INTO `notification` (`id`, `employee_id`, `test_id`, `sent_at`, `type`) VALUES ('107', '4', '124', '2023-09-08 06:00:00', 'MANDATORY');
INSERT INTO `notification` (`id`, `employee_id`, `test_id`, `sent_at`, `type`) VALUES ('108', '8', '124', '2023-09-08 06:00:00', 'MANDATORY');
INSERT INTO `notification` (`id`, `employee_id`, `test_id`, `sent_at`, `type`) VALUES ('109', '12', '124', '2023-09-08 06:00:00', 'MANDATORY');
INSERT INTO `notification` (`id`, `employee_id`, `test_id`, `sent_at`, `type`) VALUES ('110', '13', '124', '2023-09-08 06:00:00', 'MANDATORY');
INSERT INTO `notification` (`id`, `employee_id`, `test_id`, `sent_at`, `type`) VALUES ('111', '16', '124', '2023-09-08 06:00:00', 'MANDATORY');
INSERT INTO `notification` (`id`, `employee_id`, `test_id`, `sent_at`, `type`) VALUES ('112', '18', '124', '2023-09-08 06:00:00', 'MANDATORY');
INSERT INTO `notification` (`id`, `employee_id`, `test_id`, `sent_at`, `type`) VALUES ('113', '19', '124', '2023-09-08 06:00:00', 'MANDATORY');
INSERT INTO `notification` (`id`, `employee_id`, `test_id`, `sent_at`, `type`) VALUES ('117', '3', '125', '2023-09-08 06:00:00', 'MANDATORY');
INSERT INTO `notification` (`id`, `employee_id`, `test_id`, `sent_at`, `type`) VALUES ('118', '7', '125', '2023-09-08 06:00:00', 'MANDATORY');
INSERT INTO `notification` (`id`, `employee_id`, `test_id`, `sent_at`, `type`) VALUES ('119', '8', '125', '2023-09-08 06:00:00', 'MANDATORY');
INSERT INTO `notification` (`id`, `employee_id`, `test_id`, `sent_at`, `type`) VALUES ('120', '10', '125', '2023-09-08 06:00:00', 'MANDATORY');
INSERT INTO `notification` (`id`, `employee_id`, `test_id`, `sent_at`, `type`) VALUES ('121', '14', '125', '2023-09-08 06:00:00', 'MANDATORY');
INSERT INTO `notification` (`id`, `employee_id`, `test_id`, `sent_at`, `type`) VALUES ('122', '16', '125', '2023-09-08 06:00:00', 'MANDATORY');
INSERT INTO `notification` (`id`, `employee_id`, `test_id`, `sent_at`, `type`) VALUES ('123', '17', '125', '2023-09-08 06:00:00', 'MANDATORY');
INSERT INTO `notification` (`id`, `employee_id`, `test_id`, `sent_at`, `type`) VALUES ('124', '18', '125', '2023-09-08 06:00:00', 'MANDATORY');
INSERT INTO `notification` (`id`, `employee_id`, `test_id`, `sent_at`, `type`) VALUES ('125', '22', '125', '2023-09-08 06:00:00', 'MANDATORY');
INSERT INTO `notification` (`id`, `employee_id`, `test_id`, `sent_at`, `type`) VALUES ('103', '18', '120', '2023-09-08 02:00:00', 'OPTIONAL');
INSERT INTO `notification` (`id`, `employee_id`, `test_id`, `sent_at`, `type`) VALUES ('104', '11', '120', '2023-09-08 02:00:00', 'OPTIONAL');
INSERT INTO `notification` (`id`, `employee_id`, `test_id`, `sent_at`, `type`) VALUES ('105', '5', '120', '2023-09-08 02:00:00', 'OPTIONAL');
INSERT INTO `notification` (`id`, `employee_id`, `test_id`, `sent_at`, `type`) VALUES ('114', '1', '124', '2023-09-08 02:00:00', 'OPTIONAL');
INSERT INTO `notification` (`id`, `employee_id`, `test_id`, `sent_at`, `type`) VALUES ('115', '21', '124', '2023-09-08 02:00:00', 'OPTIONAL');
INSERT INTO `notification` (`id`, `employee_id`, `test_id`, `sent_at`, `type`) VALUES ('116', '14', '124', '2023-09-08 02:00:00', 'OPTIONAL');
INSERT INTO `notification` (`id`, `employee_id`, `test_id`, `sent_at`, `type`) VALUES ('126', '3', '125', '2023-09-08 02:00:00', 'OPTIONAL');
INSERT INTO `notification` (`id`, `employee_id`, `test_id`, `sent_at`, `type`) VALUES ('127', '15', '125', '2023-09-08 02:00:00', 'OPTIONAL');
INSERT INTO `notification` (`id`, `employee_id`, `test_id`, `sent_at`, `type`) VALUES ('128', '23', '125', '2023-09-08 02:00:00', 'OPTIONAL');
INSERT INTO `notification` (`id`, `employee_id`, `test_id`, `sent_at`, `type`) VALUES ('129', '24', '125', '2023-09-08 02:00:00', 'OPTIONAL');
INSERT INTO `notification` (`id`, `employee_id`, `test_id`, `sent_at`, `type`) VALUES ('133', '16', '151', '2023-09-09 06:00:00', 'MANDATORY');
INSERT INTO `notification` (`id`, `employee_id`, `test_id`, `sent_at`, `type`) VALUES ('134', '18', '151', '2023-09-09 06:00:00', 'MANDATORY');
INSERT INTO `notification` (`id`, `employee_id`, `test_id`, `sent_at`, `type`) VALUES ('135', '12', '151', '2023-09-09 06:00:00', 'MANDATORY');
INSERT INTO `notification` (`id`, `employee_id`, `test_id`, `sent_at`, `type`) VALUES ('130', '8', '144', '2023-09-09 02:00:00', 'OPTIONAL');
INSERT INTO `notification` (`id`, `employee_id`, `test_id`, `sent_at`, `type`) VALUES ('131', '17', '144', '2023-09-09 02:00:00', 'OPTIONAL');
INSERT INTO `notification` (`id`, `employee_id`, `test_id`, `sent_at`, `type`) VALUES ('132', '22', '144', '2023-09-09 02:00:00', 'OPTIONAL');
INSERT INTO `notification` (`id`, `employee_id`, `test_id`, `sent_at`, `type`) VALUES ('136', '8', '151', '2023-09-09 02:00:00', 'OPTIONAL');
INSERT INTO `notification` (`id`, `employee_id`, `test_id`, `sent_at`, `type`) VALUES ('137', '22', '151', '2023-09-09 02:00:00', 'OPTIONAL');
INSERT INTO `notification` (`id`, `employee_id`, `test_id`, `sent_at`, `type`) VALUES ('138', '7', '151', '2023-09-09 02:00:00', 'OPTIONAL');
INSERT INTO `notification` (`id`, `employee_id`, `test_id`, `sent_at`, `type`) VALUES ('139', '3', '166', '2023-09-10 06:00:00', 'MANDATORY');
INSERT INTO `notification` (`id`, `employee_id`, `test_id`, `sent_at`, `type`) VALUES ('140', '4', '166', '2023-09-10 06:00:00', 'MANDATORY');
INSERT INTO `notification` (`id`, `employee_id`, `test_id`, `sent_at`, `type`) VALUES ('141', '10', '166', '2023-09-10 06:00:00', 'MANDATORY');
INSERT INTO `notification` (`id`, `employee_id`, `test_id`, `sent_at`, `type`) VALUES ('142', '12', '166', '2023-09-10 06:00:00', 'MANDATORY');
INSERT INTO `notification` (`id`, `employee_id`, `test_id`, `sent_at`, `type`) VALUES ('143', '13', '166', '2023-09-10 06:00:00', 'MANDATORY');
INSERT INTO `notification` (`id`, `employee_id`, `test_id`, `sent_at`, `type`) VALUES ('144', '16', '166', '2023-09-10 06:00:00', 'MANDATORY');
INSERT INTO `notification` (`id`, `employee_id`, `test_id`, `sent_at`, `type`) VALUES ('145', '18', '166', '2023-09-10 06:00:00', 'MANDATORY');
INSERT INTO `notification` (`id`, `employee_id`, `test_id`, `sent_at`, `type`) VALUES ('146', '19', '166', '2023-09-10 06:00:00', 'MANDATORY');
INSERT INTO `notification` (`id`, `employee_id`, `test_id`, `sent_at`, `type`) VALUES ('147', '20', '166', '2023-09-10 06:00:00', 'MANDATORY');
INSERT INTO `notification` (`id`, `employee_id`, `test_id`, `sent_at`, `type`) VALUES ('148', '22', '166', '2023-09-10 06:00:00', 'MANDATORY');
INSERT INTO `notification` (`id`, `employee_id`, `test_id`, `sent_at`, `type`) VALUES ('149', '17', '166', '2023-09-10 02:00:00', 'OPTIONAL');
INSERT INTO `notification` (`id`, `employee_id`, `test_id`, `sent_at`, `type`) VALUES ('150', '22', '166', '2023-09-10 02:00:00', 'OPTIONAL');
INSERT INTO `notification` (`id`, `employee_id`, `test_id`, `sent_at`, `type`) VALUES ('151', '7', '166', '2023-09-10 02:00:00', 'OPTIONAL');
INSERT INTO `notification` (`id`, `employee_id`, `test_id`, `sent_at`, `type`) VALUES ('152', '18', '183', '2023-09-11 06:00:00', 'MANDATORY');
INSERT INTO `notification` (`id`, `employee_id`, `test_id`, `sent_at`, `type`) VALUES ('153', '13', '183', '2023-09-11 06:00:00', 'MANDATORY');
INSERT INTO `notification` (`id`, `employee_id`, `test_id`, `sent_at`, `type`) VALUES ('157', '2', '190', '2023-09-11 06:00:00', 'MANDATORY');
INSERT INTO `notification` (`id`, `employee_id`, `test_id`, `sent_at`, `type`) VALUES ('158', '3', '190', '2023-09-11 06:00:00', 'MANDATORY');
INSERT INTO `notification` (`id`, `employee_id`, `test_id`, `sent_at`, `type`) VALUES ('159', '4', '190', '2023-09-11 06:00:00', 'MANDATORY');
INSERT INTO `notification` (`id`, `employee_id`, `test_id`, `sent_at`, `type`) VALUES ('160', '8', '190', '2023-09-11 06:00:00', 'MANDATORY');
INSERT INTO `notification` (`id`, `employee_id`, `test_id`, `sent_at`, `type`) VALUES ('161', '10', '190', '2023-09-11 06:00:00', 'MANDATORY');
INSERT INTO `notification` (`id`, `employee_id`, `test_id`, `sent_at`, `type`) VALUES ('162', '12', '190', '2023-09-11 06:00:00', 'MANDATORY');
INSERT INTO `notification` (`id`, `employee_id`, `test_id`, `sent_at`, `type`) VALUES ('163', '14', '190', '2023-09-11 06:00:00', 'MANDATORY');
INSERT INTO `notification` (`id`, `employee_id`, `test_id`, `sent_at`, `type`) VALUES ('164', '20', '190', '2023-09-11 06:00:00', 'MANDATORY');
INSERT INTO `notification` (`id`, `employee_id`, `test_id`, `sent_at`, `type`) VALUES ('165', '22', '190', '2023-09-11 06:00:00', 'MANDATORY');
INSERT INTO `notification` (`id`, `employee_id`, `test_id`, `sent_at`, `type`) VALUES ('167', '4', '193', '2023-09-11 06:00:00', 'MANDATORY');
INSERT INTO `notification` (`id`, `employee_id`, `test_id`, `sent_at`, `type`) VALUES ('168', '8', '193', '2023-09-11 06:00:00', 'MANDATORY');
INSERT INTO `notification` (`id`, `employee_id`, `test_id`, `sent_at`, `type`) VALUES ('169', '10', '193', '2023-09-11 06:00:00', 'MANDATORY');
INSERT INTO `notification` (`id`, `employee_id`, `test_id`, `sent_at`, `type`) VALUES ('170', '14', '193', '2023-09-11 06:00:00', 'MANDATORY');
INSERT INTO `notification` (`id`, `employee_id`, `test_id`, `sent_at`, `type`) VALUES ('171', '16', '193', '2023-09-11 06:00:00', 'MANDATORY');
INSERT INTO `notification` (`id`, `employee_id`, `test_id`, `sent_at`, `type`) VALUES ('172', '18', '193', '2023-09-11 06:00:00', 'MANDATORY');
INSERT INTO `notification` (`id`, `employee_id`, `test_id`, `sent_at`, `type`) VALUES ('173', '19', '193', '2023-09-11 06:00:00', 'MANDATORY');
INSERT INTO `notification` (`id`, `employee_id`, `test_id`, `sent_at`, `type`) VALUES ('174', '22', '193', '2023-09-11 06:00:00', 'MANDATORY');
INSERT INTO `notification` (`id`, `employee_id`, `test_id`, `sent_at`, `type`) VALUES ('175', '8', '194', '2023-09-11 06:00:00', 'MANDATORY');
INSERT INTO `notification` (`id`, `employee_id`, `test_id`, `sent_at`, `type`) VALUES ('176', '12', '194', '2023-09-11 06:00:00', 'MANDATORY');
INSERT INTO `notification` (`id`, `employee_id`, `test_id`, `sent_at`, `type`) VALUES ('177', '14', '194', '2023-09-11 06:00:00', 'MANDATORY');
INSERT INTO `notification` (`id`, `employee_id`, `test_id`, `sent_at`, `type`) VALUES ('178', '16', '194', '2023-09-11 06:00:00', 'MANDATORY');
INSERT INTO `notification` (`id`, `employee_id`, `test_id`, `sent_at`, `type`) VALUES ('179', '20', '194', '2023-09-11 06:00:00', 'MANDATORY');
INSERT INTO `notification` (`id`, `employee_id`, `test_id`, `sent_at`, `type`) VALUES ('154', '10', '183', '2023-09-11 02:00:00', 'OPTIONAL');
INSERT INTO `notification` (`id`, `employee_id`, `test_id`, `sent_at`, `type`) VALUES ('155', '21', '183', '2023-09-11 02:00:00', 'OPTIONAL');
INSERT INTO `notification` (`id`, `employee_id`, `test_id`, `sent_at`, `type`) VALUES ('156', '14', '183', '2023-09-11 02:00:00', 'OPTIONAL');
INSERT INTO `notification` (`id`, `employee_id`, `test_id`, `sent_at`, `type`) VALUES ('166', '9', '190', '2023-09-11 02:00:00', 'OPTIONAL');
INSERT INTO `notification` (`id`, `employee_id`, `test_id`, `sent_at`, `type`) VALUES ('180', '8', '194', '2023-09-11 02:00:00', 'OPTIONAL');
INSERT INTO `notification` (`id`, `employee_id`, `test_id`, `sent_at`, `type`) VALUES ('181', '17', '194', '2023-09-11 02:00:00', 'OPTIONAL');
INSERT INTO `notification` (`id`, `employee_id`, `test_id`, `sent_at`, `type`) VALUES ('182', '7', '194', '2023-09-11 02:00:00', 'OPTIONAL');
INSERT INTO `notification` (`id`, `employee_id`, `test_id`, `sent_at`, `type`) VALUES ('183', '16', '204', '2023-09-12 06:00:00', 'MANDATORY');
INSERT INTO `notification` (`id`, `employee_id`, `test_id`, `sent_at`, `type`) VALUES ('184', '4', '204', '2023-09-12 06:00:00', 'MANDATORY');
INSERT INTO `notification` (`id`, `employee_id`, `test_id`, `sent_at`, `type`) VALUES ('185', '13', '204', '2023-09-12 06:00:00', 'MANDATORY');
INSERT INTO `notification` (`id`, `employee_id`, `test_id`, `sent_at`, `type`) VALUES ('189', '1', '210', '2023-09-12 06:00:00', 'MANDATORY');
INSERT INTO `notification` (`id`, `employee_id`, `test_id`, `sent_at`, `type`) VALUES ('190', '3', '210', '2023-09-12 06:00:00', 'MANDATORY');
INSERT INTO `notification` (`id`, `employee_id`, `test_id`, `sent_at`, `type`) VALUES ('191', '13', '210', '2023-09-12 06:00:00', 'MANDATORY');
INSERT INTO `notification` (`id`, `employee_id`, `test_id`, `sent_at`, `type`) VALUES ('192', '14', '210', '2023-09-12 06:00:00', 'MANDATORY');
INSERT INTO `notification` (`id`, `employee_id`, `test_id`, `sent_at`, `type`) VALUES ('193', '19', '210', '2023-09-12 06:00:00', 'MANDATORY');
INSERT INTO `notification` (`id`, `employee_id`, `test_id`, `sent_at`, `type`) VALUES ('186', '17', '204', '2023-09-12 02:00:00', 'OPTIONAL');
INSERT INTO `notification` (`id`, `employee_id`, `test_id`, `sent_at`, `type`) VALUES ('187', '22', '204', '2023-09-12 02:00:00', 'OPTIONAL');
INSERT INTO `notification` (`id`, `employee_id`, `test_id`, `sent_at`, `type`) VALUES ('188', '7', '204', '2023-09-12 02:00:00', 'OPTIONAL');
INSERT INTO `notification` (`id`, `employee_id`, `test_id`, `sent_at`, `type`) VALUES ('194', '2', '210', '2023-09-12 02:00:00', 'OPTIONAL');
INSERT INTO `notification` (`id`, `employee_id`, `test_id`, `sent_at`, `type`) VALUES ('195', '11', '210', '2023-09-12 02:00:00', 'OPTIONAL');
INSERT INTO `notification` (`id`, `employee_id`, `test_id`, `sent_at`, `type`) VALUES ('196', '5', '210', '2023-09-12 02:00:00', 'OPTIONAL');
INSERT INTO `notification` (`id`, `employee_id`, `test_id`, `sent_at`, `type`) VALUES ('197', '3', '225', '2023-09-13 06:00:00', 'MANDATORY');
INSERT INTO `notification` (`id`, `employee_id`, `test_id`, `sent_at`, `type`) VALUES ('198', '4', '225', '2023-09-13 06:00:00', 'MANDATORY');
INSERT INTO `notification` (`id`, `employee_id`, `test_id`, `sent_at`, `type`) VALUES ('199', '14', '225', '2023-09-13 06:00:00', 'MANDATORY');
INSERT INTO `notification` (`id`, `employee_id`, `test_id`, `sent_at`, `type`) VALUES ('200', '16', '225', '2023-09-13 06:00:00', 'MANDATORY');
INSERT INTO `notification` (`id`, `employee_id`, `test_id`, `sent_at`, `type`) VALUES ('201', '22', '225', '2023-09-13 06:00:00', 'MANDATORY');
INSERT INTO `notification` (`id`, `employee_id`, `test_id`, `sent_at`, `type`) VALUES ('202', '3', '225', '2023-09-13 02:00:00', 'OPTIONAL');
INSERT INTO `notification` (`id`, `employee_id`, `test_id`, `sent_at`, `type`) VALUES ('203', '15', '225', '2023-09-13 02:00:00', 'OPTIONAL');
INSERT INTO `notification` (`id`, `employee_id`, `test_id`, `sent_at`, `type`) VALUES ('204', '23', '225', '2023-09-13 02:00:00', 'OPTIONAL');
INSERT INTO `notification` (`id`, `employee_id`, `test_id`, `sent_at`, `type`) VALUES ('205', '24', '225', '2023-09-13 02:00:00', 'OPTIONAL');
INSERT INTO `notification` (`id`, `employee_id`, `test_id`, `sent_at`, `type`) VALUES ('206', '1', '257', '2023-09-15 06:00:00', 'MANDATORY');
INSERT INTO `notification` (`id`, `employee_id`, `test_id`, `sent_at`, `type`) VALUES ('207', '2', '257', '2023-09-15 06:00:00', 'MANDATORY');
INSERT INTO `notification` (`id`, `employee_id`, `test_id`, `sent_at`, `type`) VALUES ('208', '3', '257', '2023-09-15 06:00:00', 'MANDATORY');
INSERT INTO `notification` (`id`, `employee_id`, `test_id`, `sent_at`, `type`) VALUES ('209', '4', '257', '2023-09-15 06:00:00', 'MANDATORY');
INSERT INTO `notification` (`id`, `employee_id`, `test_id`, `sent_at`, `type`) VALUES ('210', '10', '257', '2023-09-15 06:00:00', 'MANDATORY');
INSERT INTO `notification` (`id`, `employee_id`, `test_id`, `sent_at`, `type`) VALUES ('211', '13', '257', '2023-09-15 06:00:00', 'MANDATORY');
INSERT INTO `notification` (`id`, `employee_id`, `test_id`, `sent_at`, `type`) VALUES ('212', '14', '257', '2023-09-15 06:00:00', 'MANDATORY');
INSERT INTO `notification` (`id`, `employee_id`, `test_id`, `sent_at`, `type`) VALUES ('213', '16', '257', '2023-09-15 06:00:00', 'MANDATORY');
INSERT INTO `notification` (`id`, `employee_id`, `test_id`, `sent_at`, `type`) VALUES ('214', '22', '257', '2023-09-15 06:00:00', 'MANDATORY');
INSERT INTO `notification` (`id`, `employee_id`, `test_id`, `sent_at`, `type`) VALUES ('215', '0', '257', '2023-09-15 02:00:00', 'OPTIONAL');

INSERT INTO `employee_case` (`id`, `employee_id`, `date`, `resolution`) VALUES ('0', '0', '2023-09-01 08:00:00', 'LEFT_WORK');
INSERT INTO `employee_case` (`id`, `employee_id`, `date`, `resolution`) VALUES ('1', '5', '2023-09-01 08:00:00', 'LEFT_WORK');
INSERT INTO `employee_case` (`id`, `employee_id`, `date`, `resolution`) VALUES ('2', '6', '2023-09-01 08:00:00', 'LEFT_WORK');
INSERT INTO `employee_case` (`id`, `employee_id`, `date`, `resolution`) VALUES ('3', '9', '2023-09-01 08:00:00', 'LEFT_WORK');
INSERT INTO `employee_case` (`id`, `employee_id`, `date`, `resolution`) VALUES ('4', '15', '2023-09-01 08:00:00', 'LEFT_WORK');
INSERT INTO `employee_case` (`id`, `employee_id`, `date`, `resolution`) VALUES ('5', '22', '2023-09-15 08:00:00', 'BACK_TO_WORK');
INSERT INTO `employee_case` (`id`, `employee_id`, `date`, `resolution`) VALUES ('6', '23', '2023-09-02 08:00:00', 'DECEASED');
INSERT INTO `employee_case` (`id`, `employee_id`, `date`, `resolution`) VALUES ('7', '24', '2023-09-06 08:00:00', 'DECEASED');
INSERT INTO `employee_case` (`id`, `employee_id`, `date`, `resolution`) VALUES ('8', '11', '2023-09-03 08:00:00', 'DECEASED');
INSERT INTO `employee_case` (`id`, `employee_id`, `date`, `resolution`) VALUES ('9', '21', '2023-09-03 08:00:00', 'LEFT_WORK');
INSERT INTO `employee_case` (`id`, `employee_id`, `date`, `resolution`) VALUES ('10', '13', '2023-09-15 08:00:00', 'BACK_TO_WORK');
INSERT INTO `employee_case` (`id`, `employee_id`, `date`, `resolution`) VALUES ('11', '14', '2023-09-15 08:00:00', 'SICK');
INSERT INTO `employee_case` (`id`, `employee_id`, `date`, `resolution`) VALUES ('12', '20', '2023-09-15 08:00:00', 'SICK');
INSERT INTO `employee_case` (`id`, `employee_id`, `date`, `resolution`) VALUES ('13', '7', '2023-09-05 08:00:00', 'DECEASED');
INSERT INTO `employee_case` (`id`, `employee_id`, `date`, `resolution`) VALUES ('14', '17', '2023-09-05 08:00:00', 'DECEASED');
INSERT INTO `employee_case` (`id`, `employee_id`, `date`, `resolution`) VALUES ('15', '1', '2023-09-15 08:00:00', 'BACK_TO_WORK');
INSERT INTO `employee_case` (`id`, `employee_id`, `date`, `resolution`) VALUES ('16', '2', '2023-09-15 08:00:00', 'BACK_TO_WORK');
INSERT INTO `employee_case` (`id`, `employee_id`, `date`, `resolution`) VALUES ('17', '10', '2023-09-15 08:00:00', 'BACK_TO_WORK');
INSERT INTO `employee_case` (`id`, `employee_id`, `date`, `resolution`) VALUES ('18', '12', '2023-09-12 08:00:00', 'SICK');
INSERT INTO `employee_case` (`id`, `employee_id`, `date`, `resolution`) VALUES ('19', '8', '2023-09-09 08:00:00', 'SICK');
INSERT INTO `employee_case` (`id`, `employee_id`, `date`, `resolution`) VALUES ('20', '16', '2023-09-15 08:00:00', 'SICK');
INSERT INTO `employee_case` (`id`, `employee_id`, `date`, `resolution`) VALUES ('21', '18', '2023-09-11 08:00:00', 'SICK');
INSERT INTO `employee_case` (`id`, `employee_id`, `date`, `resolution`) VALUES ('22', '19', '2023-09-14 08:00:00', 'SICK');

INSERT INTO `health_status` (`id`, `case_id`, `employee_id`, `date`, `status`) VALUES ('0', '0', '0', '2023-09-01 19:00:00', 'SICK');
INSERT INTO `health_status` (`id`, `case_id`, `employee_id`, `date`, `status`) VALUES ('1', '1', '5', '2023-09-01 19:00:00', 'SICK');
INSERT INTO `health_status` (`id`, `case_id`, `employee_id`, `date`, `status`) VALUES ('2', '2', '6', '2023-09-01 19:00:00', 'SICK');
INSERT INTO `health_status` (`id`, `case_id`, `employee_id`, `date`, `status`) VALUES ('3', '3', '9', '2023-09-01 19:00:00', 'SICK');
INSERT INTO `health_status` (`id`, `case_id`, `employee_id`, `date`, `status`) VALUES ('4', '4', '15', '2023-09-01 19:00:00', 'SICK');
INSERT INTO `health_status` (`id`, `case_id`, `employee_id`, `date`, `status`) VALUES ('5', '5', '22', '2023-09-01 19:00:00', 'SICK');
INSERT INTO `health_status` (`id`, `case_id`, `employee_id`, `date`, `status`) VALUES ('6', '0', '0', '2023-09-02 19:00:00', 'SICK');
INSERT INTO `health_status` (`id`, `case_id`, `employee_id`, `date`, `status`) VALUES ('7', '1', '5', '2023-09-02 19:00:00', 'SICK');
INSERT INTO `health_status` (`id`, `case_id`, `employee_id`, `date`, `status`) VALUES ('8', '2', '6', '2023-09-02 19:00:00', 'SICK');
INSERT INTO `health_status` (`id`, `case_id`, `employee_id`, `date`, `status`) VALUES ('9', '3', '9', '2023-09-02 19:00:00', 'SICK');
INSERT INTO `health_status` (`id`, `case_id`, `employee_id`, `date`, `status`) VALUES ('10', '4', '15', '2023-09-02 19:00:00', 'SICK');
INSERT INTO `health_status` (`id`, `case_id`, `employee_id`, `date`, `status`) VALUES ('11', '5', '22', '2023-09-02 19:00:00', 'SICK');
INSERT INTO `health_status` (`id`, `case_id`, `employee_id`, `date`, `status`) VALUES ('12', '6', '23', '2023-09-02 19:00:00', 'SICK');
INSERT INTO `health_status` (`id`, `case_id`, `employee_id`, `date`, `status`) VALUES ('13', '7', '24', '2023-09-02 19:00:00', 'SICK');
INSERT INTO `health_status` (`id`, `case_id`, `employee_id`, `date`, `status`) VALUES ('14', '0', '0', '2023-09-03 19:00:00', 'SICK');
INSERT INTO `health_status` (`id`, `case_id`, `employee_id`, `date`, `status`) VALUES ('15', '1', '5', '2023-09-03 19:00:00', 'SICK');
INSERT INTO `health_status` (`id`, `case_id`, `employee_id`, `date`, `status`) VALUES ('16', '2', '6', '2023-09-03 19:00:00', 'SICK');
INSERT INTO `health_status` (`id`, `case_id`, `employee_id`, `date`, `status`) VALUES ('17', '3', '9', '2023-09-03 19:00:00', 'SICK');
INSERT INTO `health_status` (`id`, `case_id`, `employee_id`, `date`, `status`) VALUES ('18', '4', '15', '2023-09-03 19:00:00', 'SICK');
INSERT INTO `health_status` (`id`, `case_id`, `employee_id`, `date`, `status`) VALUES ('19', '5', '22', '2023-09-03 19:00:00', 'SICK');
INSERT INTO `health_status` (`id`, `case_id`, `employee_id`, `date`, `status`) VALUES ('20', '6', '23', '2023-09-03 19:00:00', 'SICK');
INSERT INTO `health_status` (`id`, `case_id`, `employee_id`, `date`, `status`) VALUES ('21', '7', '24', '2023-09-03 19:00:00', 'SICK');
INSERT INTO `health_status` (`id`, `case_id`, `employee_id`, `date`, `status`) VALUES ('22', '8', '11', '2023-09-03 19:00:00', 'SICK');
INSERT INTO `health_status` (`id`, `case_id`, `employee_id`, `date`, `status`) VALUES ('23', '9', '21', '2023-09-03 19:00:00', 'SICK');
INSERT INTO `health_status` (`id`, `case_id`, `employee_id`, `date`, `status`) VALUES ('24', '0', '0', '2023-09-04 19:00:00', 'SICK');
INSERT INTO `health_status` (`id`, `case_id`, `employee_id`, `date`, `status`) VALUES ('25', '1', '5', '2023-09-04 19:00:00', 'SICK');
INSERT INTO `health_status` (`id`, `case_id`, `employee_id`, `date`, `status`) VALUES ('26', '2', '6', '2023-09-04 19:00:00', 'SICK');
INSERT INTO `health_status` (`id`, `case_id`, `employee_id`, `date`, `status`) VALUES ('27', '3', '9', '2023-09-04 19:00:00', 'SICK');
INSERT INTO `health_status` (`id`, `case_id`, `employee_id`, `date`, `status`) VALUES ('28', '4', '15', '2023-09-04 19:00:00', 'SICK');
INSERT INTO `health_status` (`id`, `case_id`, `employee_id`, `date`, `status`) VALUES ('29', '5', '22', '2023-09-04 19:00:00', 'SICK');
INSERT INTO `health_status` (`id`, `case_id`, `employee_id`, `date`, `status`) VALUES ('30', '6', '23', '2023-09-04 19:00:00', 'SICK');
INSERT INTO `health_status` (`id`, `case_id`, `employee_id`, `date`, `status`) VALUES ('31', '7', '24', '2023-09-04 19:00:00', 'SICK');
INSERT INTO `health_status` (`id`, `case_id`, `employee_id`, `date`, `status`) VALUES ('32', '8', '11', '2023-09-04 19:00:00', 'SICK');
INSERT INTO `health_status` (`id`, `case_id`, `employee_id`, `date`, `status`) VALUES ('33', '9', '21', '2023-09-04 19:00:00', 'SICK');
INSERT INTO `health_status` (`id`, `case_id`, `employee_id`, `date`, `status`) VALUES ('34', '10', '13', '2023-09-04 19:00:00', 'SICK');
INSERT INTO `health_status` (`id`, `case_id`, `employee_id`, `date`, `status`) VALUES ('35', '11', '14', '2023-09-04 19:00:00', 'SICK');
INSERT INTO `health_status` (`id`, `case_id`, `employee_id`, `date`, `status`) VALUES ('36', '12', '20', '2023-09-04 19:00:00', 'SICK');
INSERT INTO `health_status` (`id`, `case_id`, `employee_id`, `date`, `status`) VALUES ('37', '0', '0', '2023-09-05 19:00:00', 'SICK');
INSERT INTO `health_status` (`id`, `case_id`, `employee_id`, `date`, `status`) VALUES ('38', '1', '5', '2023-09-05 19:00:00', 'SICK');
INSERT INTO `health_status` (`id`, `case_id`, `employee_id`, `date`, `status`) VALUES ('39', '2', '6', '2023-09-05 19:00:00', 'SICK');
INSERT INTO `health_status` (`id`, `case_id`, `employee_id`, `date`, `status`) VALUES ('40', '3', '9', '2023-09-05 19:00:00', 'SICK');
INSERT INTO `health_status` (`id`, `case_id`, `employee_id`, `date`, `status`) VALUES ('41', '4', '15', '2023-09-05 19:00:00', 'SICK');
INSERT INTO `health_status` (`id`, `case_id`, `employee_id`, `date`, `status`) VALUES ('42', '5', '22', '2023-09-05 19:00:00', 'WELL');
INSERT INTO `health_status` (`id`, `case_id`, `employee_id`, `date`, `status`) VALUES ('43', '6', '23', '2023-09-05 19:00:00', 'SICK');
INSERT INTO `health_status` (`id`, `case_id`, `employee_id`, `date`, `status`) VALUES ('44', '7', '24', '2023-09-05 19:00:00', 'WELL');
INSERT INTO `health_status` (`id`, `case_id`, `employee_id`, `date`, `status`) VALUES ('45', '8', '11', '2023-09-05 19:00:00', 'SICK');
INSERT INTO `health_status` (`id`, `case_id`, `employee_id`, `date`, `status`) VALUES ('46', '9', '21', '2023-09-05 19:00:00', 'SICK');
INSERT INTO `health_status` (`id`, `case_id`, `employee_id`, `date`, `status`) VALUES ('47', '10', '13', '2023-09-05 19:00:00', 'WELL');
INSERT INTO `health_status` (`id`, `case_id`, `employee_id`, `date`, `status`) VALUES ('48', '11', '14', '2023-09-05 19:00:00', 'WELL');
INSERT INTO `health_status` (`id`, `case_id`, `employee_id`, `date`, `status`) VALUES ('49', '12', '20', '2023-09-05 19:00:00', 'WELL');
INSERT INTO `health_status` (`id`, `case_id`, `employee_id`, `date`, `status`) VALUES ('50', '13', '7', '2023-09-05 19:00:00', 'SICK');
INSERT INTO `health_status` (`id`, `case_id`, `employee_id`, `date`, `status`) VALUES ('51', '14', '17', '2023-09-05 19:00:00', 'SICK');
INSERT INTO `health_status` (`id`, `case_id`, `employee_id`, `date`, `status`) VALUES ('52', '0', '0', '2023-09-06 19:00:00', 'SICK');
INSERT INTO `health_status` (`id`, `case_id`, `employee_id`, `date`, `status`) VALUES ('53', '1', '5', '2023-09-06 19:00:00', 'SICK');
INSERT INTO `health_status` (`id`, `case_id`, `employee_id`, `date`, `status`) VALUES ('54', '2', '6', '2023-09-06 19:00:00', 'SICK');
INSERT INTO `health_status` (`id`, `case_id`, `employee_id`, `date`, `status`) VALUES ('55', '3', '9', '2023-09-06 19:00:00', 'SICK');
INSERT INTO `health_status` (`id`, `case_id`, `employee_id`, `date`, `status`) VALUES ('56', '4', '15', '2023-09-06 19:00:00', 'SICK');
INSERT INTO `health_status` (`id`, `case_id`, `employee_id`, `date`, `status`) VALUES ('57', '5', '22', '2023-09-06 19:00:00', 'WELL');
INSERT INTO `health_status` (`id`, `case_id`, `employee_id`, `date`, `status`) VALUES ('58', '6', '23', '2023-09-06 19:00:00', 'SICK');
INSERT INTO `health_status` (`id`, `case_id`, `employee_id`, `date`, `status`) VALUES ('59', '7', '24', '2023-09-06 19:00:00', 'SICK');
INSERT INTO `health_status` (`id`, `case_id`, `employee_id`, `date`, `status`) VALUES ('60', '8', '11', '2023-09-06 19:00:00', 'SICK');
INSERT INTO `health_status` (`id`, `case_id`, `employee_id`, `date`, `status`) VALUES ('61', '9', '21', '2023-09-06 19:00:00', 'SICK');
INSERT INTO `health_status` (`id`, `case_id`, `employee_id`, `date`, `status`) VALUES ('62', '10', '13', '2023-09-06 19:00:00', 'WELL');
INSERT INTO `health_status` (`id`, `case_id`, `employee_id`, `date`, `status`) VALUES ('63', '11', '14', '2023-09-06 19:00:00', 'WELL');
INSERT INTO `health_status` (`id`, `case_id`, `employee_id`, `date`, `status`) VALUES ('64', '12', '20', '2023-09-06 19:00:00', 'WELL');
INSERT INTO `health_status` (`id`, `case_id`, `employee_id`, `date`, `status`) VALUES ('65', '13', '7', '2023-09-06 19:00:00', 'SICK');
INSERT INTO `health_status` (`id`, `case_id`, `employee_id`, `date`, `status`) VALUES ('66', '14', '17', '2023-09-06 19:00:00', 'SICK');
INSERT INTO `health_status` (`id`, `case_id`, `employee_id`, `date`, `status`) VALUES ('67', '15', '1', '2023-09-06 19:00:00', 'SICK');
INSERT INTO `health_status` (`id`, `case_id`, `employee_id`, `date`, `status`) VALUES ('68', '0', '0', '2023-09-07 19:00:00', 'SICK');
INSERT INTO `health_status` (`id`, `case_id`, `employee_id`, `date`, `status`) VALUES ('69', '1', '5', '2023-09-07 19:00:00', 'SICK');
INSERT INTO `health_status` (`id`, `case_id`, `employee_id`, `date`, `status`) VALUES ('70', '3', '9', '2023-09-07 19:00:00', 'SICK');
INSERT INTO `health_status` (`id`, `case_id`, `employee_id`, `date`, `status`) VALUES ('71', '4', '15', '2023-09-07 19:00:00', 'SICK');
INSERT INTO `health_status` (`id`, `case_id`, `employee_id`, `date`, `status`) VALUES ('72', '5', '22', '2023-09-07 19:00:00', 'WELL');
INSERT INTO `health_status` (`id`, `case_id`, `employee_id`, `date`, `status`) VALUES ('73', '6', '23', '2023-09-07 19:00:00', 'SICK');
INSERT INTO `health_status` (`id`, `case_id`, `employee_id`, `date`, `status`) VALUES ('74', '7', '24', '2023-09-07 19:00:00', 'SICK');
INSERT INTO `health_status` (`id`, `case_id`, `employee_id`, `date`, `status`) VALUES ('75', '8', '11', '2023-09-07 19:00:00', 'SICK');
INSERT INTO `health_status` (`id`, `case_id`, `employee_id`, `date`, `status`) VALUES ('76', '9', '21', '2023-09-07 19:00:00', 'SICK');
INSERT INTO `health_status` (`id`, `case_id`, `employee_id`, `date`, `status`) VALUES ('77', '10', '13', '2023-09-07 19:00:00', 'WELL');
INSERT INTO `health_status` (`id`, `case_id`, `employee_id`, `date`, `status`) VALUES ('78', '11', '14', '2023-09-07 19:00:00', 'WELL');
INSERT INTO `health_status` (`id`, `case_id`, `employee_id`, `date`, `status`) VALUES ('79', '12', '20', '2023-09-07 19:00:00', 'WELL');
INSERT INTO `health_status` (`id`, `case_id`, `employee_id`, `date`, `status`) VALUES ('80', '13', '7', '2023-09-07 19:00:00', 'SICK');
INSERT INTO `health_status` (`id`, `case_id`, `employee_id`, `date`, `status`) VALUES ('81', '14', '17', '2023-09-07 19:00:00', 'SICK');
INSERT INTO `health_status` (`id`, `case_id`, `employee_id`, `date`, `status`) VALUES ('82', '15', '1', '2023-09-07 19:00:00', 'SICK');
INSERT INTO `health_status` (`id`, `case_id`, `employee_id`, `date`, `status`) VALUES ('83', '16', '2', '2023-09-07 19:00:00', 'SICK');
INSERT INTO `health_status` (`id`, `case_id`, `employee_id`, `date`, `status`) VALUES ('84', '17', '10', '2023-09-07 19:00:00', 'SICK');
INSERT INTO `health_status` (`id`, `case_id`, `employee_id`, `date`, `status`) VALUES ('85', '18', '12', '2023-09-07 19:00:00', 'SICK');
INSERT INTO `health_status` (`id`, `case_id`, `employee_id`, `date`, `status`) VALUES ('86', '3', '9', '2023-09-08 19:00:00', 'SICK');
INSERT INTO `health_status` (`id`, `case_id`, `employee_id`, `date`, `status`) VALUES ('87', '4', '15', '2023-09-08 19:00:00', 'SICK');
INSERT INTO `health_status` (`id`, `case_id`, `employee_id`, `date`, `status`) VALUES ('88', '5', '22', '2023-09-08 19:00:00', 'WELL');
INSERT INTO `health_status` (`id`, `case_id`, `employee_id`, `date`, `status`) VALUES ('89', '6', '23', '2023-09-08 19:00:00', 'SICK');
INSERT INTO `health_status` (`id`, `case_id`, `employee_id`, `date`, `status`) VALUES ('90', '7', '24', '2023-09-08 19:00:00', 'SICK');
INSERT INTO `health_status` (`id`, `case_id`, `employee_id`, `date`, `status`) VALUES ('91', '8', '11', '2023-09-08 19:00:00', 'SICK');
INSERT INTO `health_status` (`id`, `case_id`, `employee_id`, `date`, `status`) VALUES ('92', '9', '21', '2023-09-08 19:00:00', 'SICK');
INSERT INTO `health_status` (`id`, `case_id`, `employee_id`, `date`, `status`) VALUES ('93', '10', '13', '2023-09-08 19:00:00', 'WELL');
INSERT INTO `health_status` (`id`, `case_id`, `employee_id`, `date`, `status`) VALUES ('94', '11', '14', '2023-09-08 19:00:00', 'WELL');
INSERT INTO `health_status` (`id`, `case_id`, `employee_id`, `date`, `status`) VALUES ('95', '12', '20', '2023-09-08 19:00:00', 'WELL');
INSERT INTO `health_status` (`id`, `case_id`, `employee_id`, `date`, `status`) VALUES ('96', '13', '7', '2023-09-08 19:00:00', 'SICK');
INSERT INTO `health_status` (`id`, `case_id`, `employee_id`, `date`, `status`) VALUES ('97', '14', '17', '2023-09-08 19:00:00', 'SICK');
INSERT INTO `health_status` (`id`, `case_id`, `employee_id`, `date`, `status`) VALUES ('98', '15', '1', '2023-09-08 19:00:00', 'WELL');
INSERT INTO `health_status` (`id`, `case_id`, `employee_id`, `date`, `status`) VALUES ('99', '16', '2', '2023-09-08 19:00:00', 'SICK');
INSERT INTO `health_status` (`id`, `case_id`, `employee_id`, `date`, `status`) VALUES ('100', '17', '10', '2023-09-08 19:00:00', 'WELL');
INSERT INTO `health_status` (`id`, `case_id`, `employee_id`, `date`, `status`) VALUES ('101', '18', '12', '2023-09-08 19:00:00', 'WELL');
INSERT INTO `health_status` (`id`, `case_id`, `employee_id`, `date`, `status`) VALUES ('102', '3', '9', '2023-09-09 19:00:00', 'SICK');
INSERT INTO `health_status` (`id`, `case_id`, `employee_id`, `date`, `status`) VALUES ('103', '5', '22', '2023-09-09 19:00:00', 'WELL');
INSERT INTO `health_status` (`id`, `case_id`, `employee_id`, `date`, `status`) VALUES ('104', '6', '23', '2023-09-09 19:00:00', 'SICK');
INSERT INTO `health_status` (`id`, `case_id`, `employee_id`, `date`, `status`) VALUES ('105', '7', '24', '2023-09-09 19:00:00', 'SICK');
INSERT INTO `health_status` (`id`, `case_id`, `employee_id`, `date`, `status`) VALUES ('106', '8', '11', '2023-09-09 19:00:00', 'SICK');
INSERT INTO `health_status` (`id`, `case_id`, `employee_id`, `date`, `status`) VALUES ('107', '10', '13', '2023-09-09 19:00:00', 'WELL');
INSERT INTO `health_status` (`id`, `case_id`, `employee_id`, `date`, `status`) VALUES ('108', '11', '14', '2023-09-09 19:00:00', 'WELL');
INSERT INTO `health_status` (`id`, `case_id`, `employee_id`, `date`, `status`) VALUES ('109', '12', '20', '2023-09-09 19:00:00', 'WELL');
INSERT INTO `health_status` (`id`, `case_id`, `employee_id`, `date`, `status`) VALUES ('110', '13', '7', '2023-09-09 19:00:00', 'SICK');
INSERT INTO `health_status` (`id`, `case_id`, `employee_id`, `date`, `status`) VALUES ('111', '14', '17', '2023-09-09 19:00:00', 'SICK');
INSERT INTO `health_status` (`id`, `case_id`, `employee_id`, `date`, `status`) VALUES ('112', '15', '1', '2023-09-09 19:00:00', 'WELL');
INSERT INTO `health_status` (`id`, `case_id`, `employee_id`, `date`, `status`) VALUES ('113', '16', '2', '2023-09-09 19:00:00', 'SICK');
INSERT INTO `health_status` (`id`, `case_id`, `employee_id`, `date`, `status`) VALUES ('114', '17', '10', '2023-09-09 19:00:00', 'WELL');
INSERT INTO `health_status` (`id`, `case_id`, `employee_id`, `date`, `status`) VALUES ('115', '18', '12', '2023-09-09 19:00:00', 'WELL');
INSERT INTO `health_status` (`id`, `case_id`, `employee_id`, `date`, `status`) VALUES ('116', '19', '8', '2023-09-09 19:00:00', 'SICK');
INSERT INTO `health_status` (`id`, `case_id`, `employee_id`, `date`, `status`) VALUES ('117', '3', '9', '2023-09-10 19:00:00', 'SICK');
INSERT INTO `health_status` (`id`, `case_id`, `employee_id`, `date`, `status`) VALUES ('118', '5', '22', '2023-09-10 19:00:00', 'SICK');
INSERT INTO `health_status` (`id`, `case_id`, `employee_id`, `date`, `status`) VALUES ('119', '6', '23', '2023-09-10 19:00:00', 'SICK');
INSERT INTO `health_status` (`id`, `case_id`, `employee_id`, `date`, `status`) VALUES ('120', '7', '24', '2023-09-10 19:00:00', 'SICK');
INSERT INTO `health_status` (`id`, `case_id`, `employee_id`, `date`, `status`) VALUES ('121', '10', '13', '2023-09-10 19:00:00', 'WELL');
INSERT INTO `health_status` (`id`, `case_id`, `employee_id`, `date`, `status`) VALUES ('122', '11', '14', '2023-09-10 19:00:00', 'WELL');
INSERT INTO `health_status` (`id`, `case_id`, `employee_id`, `date`, `status`) VALUES ('123', '12', '20', '2023-09-10 19:00:00', 'SICK');
INSERT INTO `health_status` (`id`, `case_id`, `employee_id`, `date`, `status`) VALUES ('124', '13', '7', '2023-09-10 19:00:00', 'SICK');
INSERT INTO `health_status` (`id`, `case_id`, `employee_id`, `date`, `status`) VALUES ('125', '14', '17', '2023-09-10 19:00:00', 'SICK');
INSERT INTO `health_status` (`id`, `case_id`, `employee_id`, `date`, `status`) VALUES ('126', '15', '1', '2023-09-10 19:00:00', 'SICK');
INSERT INTO `health_status` (`id`, `case_id`, `employee_id`, `date`, `status`) VALUES ('127', '16', '2', '2023-09-10 19:00:00', 'SICK');
INSERT INTO `health_status` (`id`, `case_id`, `employee_id`, `date`, `status`) VALUES ('128', '17', '10', '2023-09-10 19:00:00', 'WELL');
INSERT INTO `health_status` (`id`, `case_id`, `employee_id`, `date`, `status`) VALUES ('129', '18', '12', '2023-09-10 19:00:00', 'WELL');
INSERT INTO `health_status` (`id`, `case_id`, `employee_id`, `date`, `status`) VALUES ('130', '19', '8', '2023-09-10 19:00:00', 'SICK');
INSERT INTO `health_status` (`id`, `case_id`, `employee_id`, `date`, `status`) VALUES ('131', '20', '16', '2023-09-10 19:00:00', 'SICK');
INSERT INTO `health_status` (`id`, `case_id`, `employee_id`, `date`, `status`) VALUES ('132', '3', '9', '2023-09-11 19:00:00', 'SICK');
INSERT INTO `health_status` (`id`, `case_id`, `employee_id`, `date`, `status`) VALUES ('133', '5', '22', '2023-09-11 19:00:00', 'WELL');
INSERT INTO `health_status` (`id`, `case_id`, `employee_id`, `date`, `status`) VALUES ('134', '6', '23', '2023-09-11 19:00:00', 'SICK');
INSERT INTO `health_status` (`id`, `case_id`, `employee_id`, `date`, `status`) VALUES ('135', '7', '24', '2023-09-11 19:00:00', 'SICK');
INSERT INTO `health_status` (`id`, `case_id`, `employee_id`, `date`, `status`) VALUES ('136', '10', '13', '2023-09-11 19:00:00', 'WELL');
INSERT INTO `health_status` (`id`, `case_id`, `employee_id`, `date`, `status`) VALUES ('137', '11', '14', '2023-09-11 19:00:00', 'WELL');
INSERT INTO `health_status` (`id`, `case_id`, `employee_id`, `date`, `status`) VALUES ('138', '12', '20', '2023-09-11 19:00:00', 'WELL');
INSERT INTO `health_status` (`id`, `case_id`, `employee_id`, `date`, `status`) VALUES ('139', '15', '1', '2023-09-11 19:00:00', 'SICK');
INSERT INTO `health_status` (`id`, `case_id`, `employee_id`, `date`, `status`) VALUES ('140', '16', '2', '2023-09-11 19:00:00', 'WELL');
INSERT INTO `health_status` (`id`, `case_id`, `employee_id`, `date`, `status`) VALUES ('141', '17', '10', '2023-09-11 19:00:00', 'WELL');
INSERT INTO `health_status` (`id`, `case_id`, `employee_id`, `date`, `status`) VALUES ('142', '18', '12', '2023-09-11 19:00:00', 'WELL');
INSERT INTO `health_status` (`id`, `case_id`, `employee_id`, `date`, `status`) VALUES ('143', '19', '8', '2023-09-11 19:00:00', 'SICK');
INSERT INTO `health_status` (`id`, `case_id`, `employee_id`, `date`, `status`) VALUES ('144', '20', '16', '2023-09-11 19:00:00', 'WELL');
INSERT INTO `health_status` (`id`, `case_id`, `employee_id`, `date`, `status`) VALUES ('145', '21', '18', '2023-09-11 19:00:00', 'SICK');
INSERT INTO `health_status` (`id`, `case_id`, `employee_id`, `date`, `status`) VALUES ('146', '5', '22', '2023-09-12 19:00:00', 'WELL');
INSERT INTO `health_status` (`id`, `case_id`, `employee_id`, `date`, `status`) VALUES ('147', '6', '23', '2023-09-12 19:00:00', 'SICK');
INSERT INTO `health_status` (`id`, `case_id`, `employee_id`, `date`, `status`) VALUES ('148', '7', '24', '2023-09-12 19:00:00', 'SICK');
INSERT INTO `health_status` (`id`, `case_id`, `employee_id`, `date`, `status`) VALUES ('149', '10', '13', '2023-09-12 19:00:00', 'WELL');
INSERT INTO `health_status` (`id`, `case_id`, `employee_id`, `date`, `status`) VALUES ('150', '11', '14', '2023-09-12 19:00:00', 'WELL');
INSERT INTO `health_status` (`id`, `case_id`, `employee_id`, `date`, `status`) VALUES ('151', '12', '20', '2023-09-12 19:00:00', 'WELL');
INSERT INTO `health_status` (`id`, `case_id`, `employee_id`, `date`, `status`) VALUES ('152', '15', '1', '2023-09-12 19:00:00', 'WELL');
INSERT INTO `health_status` (`id`, `case_id`, `employee_id`, `date`, `status`) VALUES ('153', '16', '2', '2023-09-12 19:00:00', 'WELL');
INSERT INTO `health_status` (`id`, `case_id`, `employee_id`, `date`, `status`) VALUES ('154', '17', '10', '2023-09-12 19:00:00', 'WELL');
INSERT INTO `health_status` (`id`, `case_id`, `employee_id`, `date`, `status`) VALUES ('155', '18', '12', '2023-09-12 19:00:00', 'SICK');
INSERT INTO `health_status` (`id`, `case_id`, `employee_id`, `date`, `status`) VALUES ('156', '19', '8', '2023-09-12 19:00:00', 'SICK');
INSERT INTO `health_status` (`id`, `case_id`, `employee_id`, `date`, `status`) VALUES ('157', '20', '16', '2023-09-12 19:00:00', 'WELL');
INSERT INTO `health_status` (`id`, `case_id`, `employee_id`, `date`, `status`) VALUES ('158', '21', '18', '2023-09-12 19:00:00', 'SICK');
INSERT INTO `health_status` (`id`, `case_id`, `employee_id`, `date`, `status`) VALUES ('159', '5', '22', '2023-09-13 19:00:00', 'WELL');
INSERT INTO `health_status` (`id`, `case_id`, `employee_id`, `date`, `status`) VALUES ('160', '7', '24', '2023-09-13 19:00:00', 'SICK');
INSERT INTO `health_status` (`id`, `case_id`, `employee_id`, `date`, `status`) VALUES ('161', '10', '13', '2023-09-13 19:00:00', 'WELL');
INSERT INTO `health_status` (`id`, `case_id`, `employee_id`, `date`, `status`) VALUES ('162', '11', '14', '2023-09-13 19:00:00', 'WELL');
INSERT INTO `health_status` (`id`, `case_id`, `employee_id`, `date`, `status`) VALUES ('163', '12', '20', '2023-09-13 19:00:00', 'WELL');
INSERT INTO `health_status` (`id`, `case_id`, `employee_id`, `date`, `status`) VALUES ('164', '15', '1', '2023-09-13 19:00:00', 'WELL');
INSERT INTO `health_status` (`id`, `case_id`, `employee_id`, `date`, `status`) VALUES ('165', '16', '2', '2023-09-13 19:00:00', 'WELL');
INSERT INTO `health_status` (`id`, `case_id`, `employee_id`, `date`, `status`) VALUES ('166', '17', '10', '2023-09-13 19:00:00', 'WELL');
INSERT INTO `health_status` (`id`, `case_id`, `employee_id`, `date`, `status`) VALUES ('167', '18', '12', '2023-09-13 19:00:00', 'SICK');
INSERT INTO `health_status` (`id`, `case_id`, `employee_id`, `date`, `status`) VALUES ('168', '19', '8', '2023-09-13 19:00:00', 'SICK');
INSERT INTO `health_status` (`id`, `case_id`, `employee_id`, `date`, `status`) VALUES ('169', '20', '16', '2023-09-13 19:00:00', 'WELL');
INSERT INTO `health_status` (`id`, `case_id`, `employee_id`, `date`, `status`) VALUES ('170', '21', '18', '2023-09-13 19:00:00', 'SICK');
INSERT INTO `health_status` (`id`, `case_id`, `employee_id`, `date`, `status`) VALUES ('171', '5', '22', '2023-09-14 19:00:00', 'WELL');
INSERT INTO `health_status` (`id`, `case_id`, `employee_id`, `date`, `status`) VALUES ('172', '7', '24', '2023-09-14 19:00:00', 'SICK');
INSERT INTO `health_status` (`id`, `case_id`, `employee_id`, `date`, `status`) VALUES ('173', '10', '13', '2023-09-14 19:00:00', 'WELL');
INSERT INTO `health_status` (`id`, `case_id`, `employee_id`, `date`, `status`) VALUES ('174', '11', '14', '2023-09-14 19:00:00', 'WELL');
INSERT INTO `health_status` (`id`, `case_id`, `employee_id`, `date`, `status`) VALUES ('175', '12', '20', '2023-09-14 19:00:00', 'WELL');
INSERT INTO `health_status` (`id`, `case_id`, `employee_id`, `date`, `status`) VALUES ('176', '15', '1', '2023-09-14 19:00:00', 'WELL');
INSERT INTO `health_status` (`id`, `case_id`, `employee_id`, `date`, `status`) VALUES ('177', '16', '2', '2023-09-14 19:00:00', 'WELL');
INSERT INTO `health_status` (`id`, `case_id`, `employee_id`, `date`, `status`) VALUES ('178', '17', '10', '2023-09-14 19:00:00', 'WELL');
INSERT INTO `health_status` (`id`, `case_id`, `employee_id`, `date`, `status`) VALUES ('179', '18', '12', '2023-09-14 19:00:00', 'SICK');
INSERT INTO `health_status` (`id`, `case_id`, `employee_id`, `date`, `status`) VALUES ('180', '19', '8', '2023-09-14 19:00:00', 'SICK');
INSERT INTO `health_status` (`id`, `case_id`, `employee_id`, `date`, `status`) VALUES ('181', '20', '16', '2023-09-14 19:00:00', 'WELL');
INSERT INTO `health_status` (`id`, `case_id`, `employee_id`, `date`, `status`) VALUES ('182', '21', '18', '2023-09-14 19:00:00', 'SICK');
INSERT INTO `health_status` (`id`, `case_id`, `employee_id`, `date`, `status`) VALUES ('183', '22', '19', '2023-09-14 19:00:00', 'SICK');
INSERT INTO `health_status` (`id`, `case_id`, `employee_id`, `date`, `status`) VALUES ('184', '5', '22', '2023-09-15 19:00:00', 'WELL');
INSERT INTO `health_status` (`id`, `case_id`, `employee_id`, `date`, `status`) VALUES ('185', '10', '13', '2023-09-15 19:00:00', 'WELL');
INSERT INTO `health_status` (`id`, `case_id`, `employee_id`, `date`, `status`) VALUES ('186', '11', '14', '2023-09-15 19:00:00', 'SICK');
INSERT INTO `health_status` (`id`, `case_id`, `employee_id`, `date`, `status`) VALUES ('187', '12', '20', '2023-09-15 19:00:00', 'SICK');
INSERT INTO `health_status` (`id`, `case_id`, `employee_id`, `date`, `status`) VALUES ('188', '15', '1', '2023-09-15 19:00:00', 'WELL');
INSERT INTO `health_status` (`id`, `case_id`, `employee_id`, `date`, `status`) VALUES ('189', '16', '2', '2023-09-15 19:00:00', 'WELL');
INSERT INTO `health_status` (`id`, `case_id`, `employee_id`, `date`, `status`) VALUES ('190', '17', '10', '2023-09-15 19:00:00', 'WELL');
INSERT INTO `health_status` (`id`, `case_id`, `employee_id`, `date`, `status`) VALUES ('191', '18', '12', '2023-09-15 19:00:00', 'SICK');
INSERT INTO `health_status` (`id`, `case_id`, `employee_id`, `date`, `status`) VALUES ('192', '19', '8', '2023-09-15 19:00:00', 'SICK');
INSERT INTO `health_status` (`id`, `case_id`, `employee_id`, `date`, `status`) VALUES ('193', '20', '16', '2023-09-15 19:00:00', 'SICK');
INSERT INTO `health_status` (`id`, `case_id`, `employee_id`, `date`, `status`) VALUES ('194', '21', '18', '2023-09-15 19:00:00', 'SICK');
INSERT INTO `health_status` (`id`, `case_id`, `employee_id`, `date`, `status`) VALUES ('195', '22', '19', '2023-09-15 19:00:00', 'SICK');
